filename,form,corp_lem,lem_pos,pos,gram,cont-2,cont-2_gr,cont-1,cont-1_gr,cont+1,cont+1_gr,cont+2,cont+2_gr,class
20_clean/xx_blok_blok2-0017.xhtml.txt,алесE,алей,S,SV,виндеепредимнепросEрод,S,едпр,V,изсEсEвмнпросE,ADVPROPART,,V,едженизсEсEвпросE,1
20_clean/xx_adamovic_adam-030.xhtml.txt,сEсEойкосE,сEсEойкий,A,AS,едженполнсEвор,S,винедим,PR,,V,едизсEсEвнепросE,AADV,едкрсEред,1
20_clean/xx_bunin_bunin-667.xhtml.txt,всEеленной,всEеленнасE,S,SV,дасEедженполнпрприсEпросEродсEсEрадсEвор,V,едизсEсEвнепросE,PR,,ADVPROCONJPART,,S,винедим,0
20_clean/xx_rozhdestvensky_vrozh-340.xhtml.txt,подсEемнсEсE,подсEемнсEе,S,AS,винмнодполнпррод,V,деепрнепросEпе,S,вин,AS,едкрмнмсEжрод,S,мнрод,0
20_clean/xx_kuzmin_kzmn-487.xhtml.txt,гсEсEе,гсEсEа,S,AS,дасEедпрсEрав,V,едизсEсEвнепросE,CONJSPRO,прсEвор,S,виниммн,AADV,сEрав,1
20_clean/xx_antokolsky_antkl-181.xhtml.txt,дивсEм,дивсEй?,,AS,дасEедмнмсEжполнсEредсEвор,V,едизсEсEвнепросE,S,едсEвор,A,дасEедмнмсEжполнсEредсEвор,CONJINTJPARTS,виндасEедиммнпрродсEвор,0
20_clean/xx_steinberg_stein-115.xhtml.txt,сEсEансE,сEсEан,S,SV,дасEедизсEсEвнепросE,S,винедрод,SSPRO,виндасEедиммнпрродсEвор,V,инсE,ADV,,1
20_clean/xx_majakovsky_majak8-081.xhtml.txt,сEсEисE,сEсEисE,S,SV,винедизсEсEвиммсEжпросE,V,едпов,APROV,винедиммсEжнеодпов,V,едпов,ADVPROCONJPART,,0
20_clean/xx_briusov_brius-058.xhtml.txt,басEсEейна,басEсEейн,S,AS,едженкррод,ADVPROPART,,INTJPRS,виндасEедиммнпрродсEвор,PRS,виндасEедиммнпрродсEвор,S,дасEедпр,0
20_clean/xx_blok_blok2-0547.xhtml.txt,насEал,насEало,S,SV,едизсEсEвмнмсEжпросEрод,ADVPROPART,,AADV,едкрсEред,V,инсE,V,едизсEсEвмсEжнесEовпросE,1
20_clean/xx_ellis_ellis-020.xhtml.txt,сEсEсEали,сEсEсEалсE,S,SV,виндасEедизсEсEвиммнпрпросEрод,CONJPARTS,виндасEедиммнпрродсEвор,SPRO,им,S,едим,CONJINTJPARTS,виндасEедиммнпрродсEвор,1
20_clean/xx_schepkina-kupernik_kuper-149.xhtml.txt,помосEсE,помосEсE,V,SV,винедиминсE,SPRO,дасEпр,V,изсEсEвмннепросEпов,V,инсE,APROS,винеджен,0
20_clean/xx_cvetaeva_cvet1-797.xhtml.txt,малсEсEисEасE,малсEсEисEасEсE?,,SV,виндасEдеепредиммннепросEпрродсEвор,V,едизсEсEвнепросE,S,винедим,APROV,деепредженимнепросE,ADVPRO,,0
20_clean/xx_bely_bely-004.xhtml.txt,десEи,ребенок,S,SV,иминсEисEкажмн,S,винедим,S,винмнрод,S,винедиммнрод,ADV,,0
20_clean/xx_gippius_gip-233.xhtml.txt,зеленей,зеленсE,S,ASV,едмнповродсEрав,PARTPR,,S,едпр,S,винедиммнрод,AS,едженимполн,1
20_clean/xx_pereval_perev-126.xhtml.txt,нисEасE,нисEий,A,ASV,деепредженимнепросEполн,CONJINTJPARTS,виндасEедиммнпрродсEвор,S,едим,V,едизсEсEвнепросE,PRS,виндасEедиммнпрродсEвор,0
20_clean/xx_axmatova_axmat-173.xhtml.txt,реже,редко,ADV,AADVS,едпрсEрав,V,инсE,CONJINTJPARTS,виндасEедиммнпрродсEвор,CONJPART,,AADV,едкрсEред,0
20_clean/xx_cvetaeva_cvet1-516.xhtml.txt,песEров,песEров,A,AS,винедиммнмсEжнеодрод,V,едизсEсEвнепросE,S,винед,S,едим,V,едизсEсEвнепросE,0
20_clean/xx_schepkina-kupernik_kuper-066.xhtml.txt,иксEелсEсEкисE,иксEелсEсEкий?,,AS,виндасEедиммнодполнпрродсEвор,S,иммн,AS,винмнодполнпррод,S,мнрод,AADV,едкрсEред,0
20_clean/xx_bely_bely-255.xhtml.txt,закрой,закрой,S,SV,винедимпов,S,винедим,A,виндасEеджениммсEжнеодполнпрродсEвор,AV,едкрмсEжприсEпросEсEсEрад,S,винедим,1
20_clean/xx_pasternak_paster-247.xhtml.txt,сEсEасEсE,сEсEасEсE,V,SV,винедиминсE,APROV,деепредженимнепросE,APRO,едженим,APRO,едженим,SV,винедизсEсEвиммннасEсEнепросE,0
20_clean/xx_rozhdestvensky_vrozh-229.xhtml.txt,лесEной,лесEна,S,AS,виндасEеджениммсEжнеодполнпрродсEвор,ADVPROPART,,ADVPRO,,S,винедим,V,едизсEсEвмсEжпросE,1
20_clean/xx_axmatova_axmat-093.xhtml.txt,реже,редко,ADV,AADVS,едпрсEрав,V,едизсEсEвмсEжпросE,SPRO,дасEпр,V,инсE,S,винедимрод,0
20_clean/xx_baltrus_balt-168.xhtml.txt,знаком,знакомсEй,A,AS,едкрмсEжсEвор,SPRO,им,V,едизсEсEвнепросE,A,дасEедмнмсEжполнсEредсEвор,CONJINTJPARTS,виндасEедиммнпрродсEвор,0
20_clean/xx_martynov_marty-384.xhtml.txt,мазка,мазок,S,AS,едженимкррод,PART,,V,едизсEсEвнепросE,SSPRO,виндасEедиммнпрродсEвор,V,деепрнепросE,0
20_clean/xx_selvinsky_selv2-129.xhtml.txt,глсEсEонемсEе,глсEсEонемой,S,AS,виниммннеодполн,V,изсEсEвмнпросE,ADVPROCONJPART,,ADVPROCONJ,,CONJPART,,0
20_clean/xx_smeliakov_smel-275.xhtml.txt,сEолсEсEой,сEолсEсEой,S,AS,дасEедженимполнпрродсEвор,S,винедиммнрод,AS,винедимкрмнмсEжрод,AS,винедимкрмнмсEжрод,AS,дасEедженимполнпрродсEвор,0
20_clean/xx_kuzmin_kzmn-036.xhtml.txt,сEасEов,сEасE,S,AS,винедиммнмсEжнеодрод,PRS,виндасEедиммнпрродсEвор,S,виндасEедмесEсEн,AS,винмнодполнпррод,INTJPRS,виндасEедиммнпрродсEвор,0
20_clean/xx_gorodecky_gorod-082.xhtml.txt,вдовой,вдова,S,AS,дасEедженполнпрродсEвор,S,виндасEед,S,винед,S,винед,S,винедиммнрод,0
20_clean/xx_adalis_adal-12.xhtml.txt,сEела,сEело,S,SV,винедженизсEсEвиммнпросEрод,S,виниммн,AS,виниммннеодполн,S,едим,CONJINTJPARTS,виндасEедиммнпрродсEвор,0
20_clean/xx_gippius_gip-032.xhtml.txt,сEмерсEисE,сEмерсEий,A,ASV,виндейсEсEвмнодполнпрприсEпросEрод,ADVPARTS,виним,AADV,едкрсEред,V,виндейсEсEвмнодполнпрприсEпросEрод,S,мнрод,0
20_clean/xx_narbut_narbut-155.xhtml.txt,сEели,сEесEсEсE,V,SV,винедизсEсEвиммнповпросE,CONJINTJPARTS,виндасEедиммнпрродсEвор,AADV,едкрсEред,V,изсEсEвмнпросE,AS,виндасEеджениммсEжнеодполнпрродсEвор,0
20_clean/xx_majakovsky_majak4-01.xhtml.txt,сEсEансE,сEсEан,S,SV,дасEедизсEсEвнепросE,V,инсE,PART,,APRO,виниммннеод,S,виндасEедиммнпррод,1
20_clean/xx_briusov_brius-1182.xhtml.txt,сEпасE,сEпасE,S,SV,винедизсEсEвиммсEжпросE,APROCONJPARTSPRO,винедимсEред,ADVPROCONJSPRO,виним,S,едим,PRS,виндасEедиммнпрродсEвор,1
20_clean/xx_bergholz_bergh-373.xhtml.txt,подасEсE,подасEсE,V,SV,винедиминсE,PRS,виндасEедиммнпрродсEвор,SPRO,винрод,S,едсEвор,ADVPARTS,виним,1
20_clean/xx_narbut_narbut-056.xhtml.txt,голсEбсE,голсEбой,A,AS,едимкрмнрод,ADVPROCONJPART,,S,винедим,S,едим,S,мнрод,0
20_clean/xx_smeliakov_smel-244.xhtml.txt,дали,далсE,S,SV,виндасEедизсEсEвиммнпрпросEродсEвор,SPRO,им,PRS,виндасEедиммнпрродсEвор,AAPRO,виниммннеод,PRS,виндасEедиммнпрродсEвор,0
20_clean/xx_majakovsky_majak4-09.xhtml.txt,мерсE,мерисEсE,V,SV,едмнповрод,APROS,винеджен,S,винедим,V,едпов,S,мнрод,0
20_clean/xx_majakovsky_majak7-024.xhtml.txt,гранисE,гранисE,S,SV,винедизсEсEвиммннепросEрод,PARTS,винедим,A,винедиммсEжнеодполн,S,винедим,PR,,0
20_clean/xx_gumilev_gumil-274.xhtml.txt,асEсEагаем,асEсEагасEсE?,,ASV,едизсEсEвкрмнмсEжнепросEповприсEсEсEрадсEвор,S,мнсEвор,V,едизсEсEвмсEжпросE,S,винедиммнрод,CONJINTJPARTS,виндасEедиммнпрродсEвор,0
20_clean/xx_ehrehnburg_eren-261.xhtml.txt,легкие,легкое,S,AS,виниммннеодполн,S,винедимпр,CONJPART,,S,виндасEедиммнпррод,V,деепрпросE,1
20_clean/xx_givanov_givan-521.xhtml.txt,сEсEасEсE,сEсEасEсE,V,SV,винедиминсE,V,едизсEсEвмсEжпросE,SPRO,им,S,едсEвор,S,винедиммнрод,1
20_clean/xx_smeliakov_smel-004.xhtml.txt,лсEбимасE,лсEбимсEй,A,ASV,едженимнепросEполнприсEсEсEрад,ASV,едженимнепросEполнприсEсEсEрад,V,едизсEсEвнепросE,V,едизсEсEвнепросE,INTJPRS,виндасEедиммнпрродсEвор,0
20_clean/xx_bely_bely-098.xhtml.txt,сEлез,сEлеза,S,SV,едизсEсEвмнмсEжпросEрод,SV,деепрнепросEрод,ADVAPROCOM,едкрсEред,CONJINTJPARTS,виндасEедиммнпрродсEвор,V,едизсEсEвнепросE,0
20_clean/xx_briusov_brius-1363.xhtml.txt,сEели,сEесEсEсE,V,SV,винедизсEсEвиммнповпросE,S,винедрод,ADVS,едсEвор,CONJINTJPARTS,виндасEедиммнпрродсEвор,ADV,,0
20_clean/xx_blok_blok2-0163.xhtml.txt,иванова,иванов,A,AS,винеджениммсEжодродсEред,S,едрод,ADVPR,,S,едрод,ADVPR,,0
20_clean/xx_pasternak_paster-381.xhtml.txt,замер,замер,S,SV,винедизсEсEвиммсEжпросE,S,дасEедпр,SSPRO,виндасEедиммнпрродсEвор,ADVPR,,AAPRO,винмнодпррод,1
20_clean/xx_schepkina-kupernik_kuper-118.xhtml.txt,мила,мила,S,AS,едженимкррод,V,инсEнесEов,A,едженкр,CONJINTJ,,AS,винедженполн,1
20_clean/xx_ellis_ellis-015.xhtml.txt,дана,дан,S,SV,винедженимкрприсEпросEродсEсEрад,S,винедим,S,едиммнрод,V,едпов,SSPRO,винедрод,1
20_clean/xx_briusov_brius-0660.xhtml.txt,дали,далсE,S,SV,виндасEедизсEсEвиммнпрпросEродсEвор,V,едизсEсEвнепросE,ADV,,V,едизсEсEвкрмнмсEжнепросEприсEпросEсEсEрад,A,винедженполн,0
20_clean/xx_annensky_anne-076.xhtml.txt,сEисEе,сEисEо,ADV,AADVS,дасEедпрсEрав,S,винедимпр,SV,винедизсEсEвнепросE,SPRO,им,A,едкрмсEж,0
20_clean/xx_briusov_brius-1264.xhtml.txt,бредов,бред,S,AS,винедкрмнмсEжрод,S,едпр,AS,виндасEедиммнодполнпрродсEвор,SV,винедимпов,PRS,винмнрод,0
20_clean/xx_majakovsky_majak8-158.xhtml.txt,сEсEисE,сEсEисE,S,SV,винедизсEсEвиммсEжпросE,PR,,S,едрод,PR,,SPRO,сEвор,1
20_clean/xx_gofman_gfmn-042.xhtml.txt,сEлез,сEлеза,S,SV,едизсEсEвмнмсEжпросEрод,S,винедиммнрод,SSPRO,виндасEедиммнпрродсEвор,PART,,PRS,виндасEедиммнпрродсEвор,0
20_clean/xx_gumilev_gumil-373.xhtml.txt,заклсEсEеннсEм,заклсEсEеннсEй,A,ASV,дасEедмнмсEжполнприсEпросEсEредсEсEрадсEвор,PR,,SSPRO,виндасEмнродсEвор,S,винедиммнрод,PART,,0
20_clean/xx_gorodecky_gorod-008.xhtml.txt,дали,далсE,S,SV,виндасEедизсEсEвиммнпрпросEродсEвор,AS,винедиммсEжнеодполн,A,виниммннеодполн,A,крмн,A,виниммннеодполн,0
20_clean/xx_blok_blok1-064.xhtml.txt,гранисE,гранисE,S,SV,винедизсEсEвиммннепросEрод,S,едрод,V,винедиммсEжнеодполнприсEпросEсEсEрад,SPRO,дасEпр,AADV,едкрсEред,0
20_clean/xx_antokolsky_antkl-234.xhtml.txt,сEсEолсEкого,сEсEолсEкий?,,AS,винедмсEжодполнродсEред,SV,едизсEсEвмнмсEжпросEрод,SSPRO,виндасEедиммнпрродсEвор,PRS,виндасEедиммнпрродсEвор,S,виндасEедиммнпррод,0
20_clean/xx_cvetaeva_cvet1-717.xhtml.txt,нем,немой,A,ASSPRO,едкрмнмсEжпррод,A,едкрмсEж,CONJINTJPARTS,виндасEедиммнпрродсEвор,CONJINTJPARTS,виндасEедиммнпрродсEвор,NUM,виним,0
20_clean/xx_blok_blok2-0317.xhtml.txt,дали,далсE,S,SV,виндасEедизсEсEвиммнпрпросEродсEвор,PRS,виндасEедиммнпрродсEвор,APROS,виниммннеод,V,едизсEсEвнепросE,SPRO,им,0
20_clean/xx_briusov_brius-1005.xhtml.txt,сEасE,сEаисEсE,V,SV,деепредимнепросE,A,едженимполн,S,винедим,INTJPRS,виндасEедиммнпрродсEвор,A,едженимполн,0
20_clean/xx_kuzmin_kzmn-244.xhtml.txt,младой,млада,S,AS,виндасEеджениммсEжнеодполнпрродсEвор,S,винед,V,деепрпросE,CONJINTJPARTS,виндасEедиммнпрродсEвор,A,винедиммсEжнеодполн,1
20_clean/xx_kuzmin_kzmn-120.xhtml.txt,сEбисEсEсE,сEбисEсEй,A,ASV,винмнодполнпрприсEпросEродсEсEрад,ADVPROCONJPART,,S,едим,S,винмнрод,SPRO,дасEпр,0
20_clean/xx_majakovsky_majak6-66.xhtml.txt,дай,дасE,S,SV,винедмнповрод,CONJINTJPARTS,виндасEедиммнпрродсEвор,S,мнрод,V,едизсEсEвнепросE,S,мнрод,1
20_clean/xx_gippius_gip-408.xhtml.txt,сEолсEсEой,сEолсEсEой,S,AS,дасEедженимполнпрродсEвор,CONJINTJPARTS,виндасEедиммнпрродсEвор,ADVPROPART,,INTJS,винедиммнрод,CONJINTJPARTS,виндасEедиммнпрродсEвор,0
20_clean/xx_bunin_bunin-384.xhtml.txt,нoсEнсEе,носEной,A,AS,виниммннеодполн,AS,виниммннеодполн,S,едиммнрод,S,едиммнрод,A,винедиммсEжнеодполн,0
20_clean/xx_polonskaja_epolo-134.xhtml.txt,дали,далсE,S,SV,виндасEедизсEсEвиммнпрпросEродсEвор,SV,винедиминсEпов,PART,,V,изсEсEвмннепросE,S,виниммн,1
20_clean/xx_kuzmin_kzmn-731.xhtml.txt,сEсEансE,сEсEан,S,SV,дасEедизсEсEвнепросE,A,едженполнсEвор,V,едизсEсEвнепросE,SSPRO,виндасEедиммнпрродсEвор,A,дасEедмнмсEжполнсEредсEвор,1
20_clean/xx_briusov_brius-0480.xhtml.txt,росE,рсEсEсE,V,SV,дасEедизсEсEвмесEсEннепросE,S,винедиммнрод,A,виниммннеодполн,INTJS,мнрод,ADVPROCONJSPRO,виним,0
20_clean/xx_ehrehnburg_eren-391.xhtml.txt,гранисE,гранисE,S,SV,винедизсEсEвиммннепросEрод,S,виним,V,едизсEсEвнепросE,S,мнрод,SPRO,им,0
20_clean/xx_martynov_marty-718.xhtml.txt,сEмолк,сEмолк,S,SV,винедизсEсEвиммсEжпросE,V,едизсEсEвмсEжпросE,CONJINTJPARTS,виндасEедиммнпрродсEвор,APROCONJPARTSPRO,винедимсEред,A,винедиммсEжнеодполн,1
20_clean/xx_oleynikov_olein-015.xhtml.txt,подлсEнной,подлсEннсEй,A,AS,дасEедженполнпрродсEвор,ADVPRO,,PRS,виндасEедиммнпрродсEвор,ADVV,едизсEсEвнепросE,CONJPART,,0
20_clean/xx_balmont_balm-754.xhtml.txt,сEмела,сEмесEсE,V,ASV,едженизсEсEвимкрпросE,ADVPROCONJSPRO,виним,SPRO,им,S,едим,SV,винедимпов,0
20_clean/xx_balmont_balm-267.xhtml.txt,пропасEсEсE,пропасEсEсE,V,SV,винедиминсE,S,винедим,PART,,AS,едженимполн,AADV,едкрсEред,1
20_clean/xx_kuzmin_kzmn-013.xhtml.txt,сEлез,сEлеза,S,SV,едизсEсEвмнмсEжпросEрод,S,виндасEедиммнпррод,S,едрод,PART,,V,едизсEсEвнепросE,0
20_clean/xx_kuzmin_kzmn-501.xhtml.txt,плавней,плавенсE,S,AADVS,мнродсEрав,V,едизсEсEвнепросE,PR,,A,винмнодполнпррод,S,мнрод,1
20_clean/xx_smeliakov_smel-295.xhtml.txt,мила,милсEй,A,AS,едженимкррод,A,едженкр,CONJINTJPARTS,виндасEедиммнпрродсEвор,ADVS,виндасEедиммнпрродсEвор,A,едженимполн,0
20_clean/xx_majakovsky_majak8-081.xhtml.txt,мобилизованнсEй,мобилизованнсEй,S,SV,винедиммсEжнеодполнприсEпросEсEсEрад,S,винедим,S,едсEвор,CONJINTJPARTS,виндасEедиммнпрродсEвор,AV,винедиммсEжнеодполнприсEпросEсEсEрад,0
20_clean/xx_cvetaeva_cvet1-089.xhtml.txt,сEсEали,сEсEалсE,S,SV,виндасEедизсEсEвиммнпрпросEрод,V,деепрпросE,S,едиммнрод,PRS,виндасEедиммнпрродсEвор,S,мнсEвор,1
20_clean/xx_briusov_brius-1678.xhtml.txt,дай,дасEсE,V,SV,винедмнповрод,S,едрод,S,винедим,SPRO,дасEпр,V,инсE,0
20_clean/xx_kuzmin_kzmn-219.xhtml.txt,сEвесEила,сEвесEило,S,SV,винедженизсEсEвиммннеододпросEрод,S,мнрод,ADVAPROPARTSPRO,винедиммннеодсEред,S,едиммнрод,S,винедиммнродсEвор,0
20_clean/xx_majakovsky_majak7-099.xhtml.txt,госEоргансE,госEорган?,,SV,винедимкрмнприсEпросEродсEсEрад,V,едизсEсEвнепросE,V,едизсEсEвнепросE,A,виниммннеодполн,ADV,,0
20_clean/xx_kuzmin_kzmn-002-03.xhtml.txt,посEелсEй,посEелсEй,S,SV,винедимпов,A,винедиммсEжнеодполн,APROSPRO,винедиммсEжнеод,PRS,виндасEедиммнпрродсEвор,SPRO,дасE,0
20_clean/xx_schepkina-kupernik_kuper-126.xhtml.txt,грсEдсEсEем,грсEдсEсEее,S,ASV,дейсEсEведмсEжнепросEполнпрприсEсEред,ASV,дейсEсEведмсEжнепросEполнпрприсEсEред,S,едпр,SSPRO,виндасEедиммнпрродсEвор,V,едизсEсEвнепросE,0
20_clean/xx_annensky_anne-247-10.xhtml.txt,инасEовой,инасEова?,,AS,дасEедженпрродсEвор,S,мнпр,V,едизсEсEвпросEсEред,SV,едмнповродсEвор,PRS,виндасEедиммнпрродсEвор,0
20_clean/xx_bunin_bunin-278.xhtml.txt,песEров,песEров,A,AS,винедиммнмсEжнеодрод,A,винедимсEред,PARTPR,,V,едизсEсEвнепросE,SV,винедимпов,0
20_clean/xx_schepkina-kupernik_kuper-142.xhtml.txt,сEолсEсEой,сEолсEсEой,S,AS,дасEедженимполнпрродсEвор,SPRO,дасE,S,едим,CONJINTJPARTS,виндасEедиммнпрродсEвор,V,едизсEсEвмсEжпросE,0
20_clean/xx_balmont_balm3-173.xhtml.txt,богасEе,богасEо,ADV,AADVS,едпрсEрав,S,виндасEедиммнпррод,V,винедиммсEжнеодполнприсEпросEсEсEрад,V,едизсEсEвмсEжпросE,PR,,0
20_clean/xx_lugovskoy_lugov-123.xhtml.txt,дай,дасEсE,V,SV,винедмнповрод,CONJINTJPARTS,виндасEедиммнпрродсEвор,AS,виндасEеджениммсEжнеодпрродсEвор,SPRO,дасEпр,S,винед,0
20_clean/xx_antokolsky_antkl-370.xhtml.txt,домовой,домовсEй,A,AS,дасEедженимполнпрродсEвор,PART,,V,едизсEсEвнепросE,APROV,винедиммсEжнеодпов,S,едим,1
20_clean/xx_pasternak_paster-043.xhtml.txt,косEлов,косEел,S,AS,едимкрмнмсEжрод,PRS,винмнрод,AS,виндасEедиммнодполнпрродсEвор,V,деепрнепросE,S,винед,0
20_clean/xx_briusov_brius-1167.xhtml.txt,грсEдсEсEем,грсEдсEсEее,S,ASV,дейсEсEведмсEжнепросEполнпрприсEсEред,S,винедимпр,INTJPRS,виндасEедиммнпрродсEвор,S,дасEедиммнпррод,SPRO,им,0
20_clean/xx_kuzmin_kzmn-303.xhtml.txt,рсEсEсEкие,рсEсEсEкий,S,AS,виниммннеодполн,A,виниммннеодполн,PART,,S,винедиммнрод,PRS,виндасEедиммнпрродсEвор,0
20_clean/xx_bely_bely-168.xhtml.txt,воронсEсE,вороний,A,AS,едженимрод,V,едизсEсEвнепросE,SV,винедизсEсEвнепросE,V,изсEсEвмннепросE,S,виниммн,1
20_clean/xx_smeliakov_smel-130.xhtml.txt,сEел,сEело,S,SV,едизсEсEвмнмсEжпросEрод,S,едсEвор,SSPRO,виндасEедиммнпрродсEвор,PRS,виндасEедиммнпрродсEвор,A,винедиммсEжнеодполн,1
20_clean/xx_bunin_bunin-101.xhtml.txt,сEасEов,сEасE,S,AS,винедиммнмсEжнеодрод,AS,едкрмнмсEжрод,CONJINTJPARTS,виндасEедиммнпрродсEвор,A,винедиммсEжнеодполн,S,винедим,0
20_clean/xx_balmont_balm2-160.xhtml.txt,дай,дасEсE,V,SV,винедмнповрод,S,винедиммнрод,SSPRO,виндасEмнродсEвор,APRONUMS,винедиммсEжнеод,CONJPART,,0
20_clean/xx_briusov_brius-0153.xhtml.txt,безгрезном,безгрезнсEй?безгрезной?,,AS,едмсEжполнпрсEред,V,едизсEсEвмсEжпросE,PRS,виндасEедиммнпрродсEвор,S,едпр,PRS,виндасEедиммнпрродсEвор,0
20_clean/xx_schepkina-kupernik_kuper-149.xhtml.txt,ресE,ресE,S,SV,деепредимнепросEрод,SSPRO,виндасEмнродсEвор,V,деепрнепросE,CONJINTJPARTS,виндасEедиммнпрродсEвор,V,деепрнепросE,1
20_clean/xx_majakovsky_majak8-066.xhtml.txt,десEи,ребенок,S,SV,иминсEисEкажмн,SV,виндасEедиммнповпррод,V,изсEсEвмннепросEпов,V,изсEсEвмннепросEпов,PARTPR,,0
20_clean/xx_lugovskoy_lugov-043.xhtml.txt,масEсEерсEкие,масEсEерсEкий,A,AS,виниммннеодполн,S,винедиммнрод,A,виниммннеодполн,AADV,едкрсEред,V,изсEсEвмнпросE,1
20_clean/xx_briusov_brius-1668.xhtml.txt,реже,редко,ADV,AADVS,едпрсEрав,ADVAPROPARTSPRO,винедиммннеодсEред,CONJINTJPARTS,виндасEедиммнпрродсEвор,SPRO,им,ADVCONJPART,,0
20_clean/xx_merezhkovsky_merezh-169.xhtml.txt,марка,марк,S,AS,винедженимкррод,S,винедим,S,винедим,,,S,винедим,0
20_clean/xx_kuzmin_kzmn-842.xhtml.txt,десEи,ребенок,S,SV,иминсEисEкажмн,S,виндасEедиммнпрродсEвор,V,изсEсEвмннепросEпов,ADVPROS,винедиммнрод,AADV,едкрсEред,0
20_clean/xx_majakovsky_majak8-066.xhtml.txt,колоколен,колоколсEнсE,S,AS,едкрмнмсEжрод,V,изсEсEвмннепросE,PRS,виндасEедиммнпрродсEвор,V,изсEсEвмннепросEпов,SV,иминсEисEкажмн,0
20_clean/xx_kuzmin_kzmn-627.xhtml.txt,дорог,дорога,S,AS,едкрмнмсEжрод,A,винедиммсEжнеодполн,S,винедим,CONJINTJPARTS,виндасEедиммнпрродсEвор,A,едкрмсEж,1
20_clean/xx_briusov_brius-1243.xhtml.txt,волсEнсEсE,волсEнсEй,S,AS,винмнодполнпррод,A,винмнодполнпррод,PRS,виндасEедиммнпрродсEвор,ADVPROCONJPART,,S,винедим,0
20_clean/xx_briusov_brius-1355.xhtml.txt,сEсEансE,сEсEан,S,SV,дасEедизсEсEвнепросE,APRO,винмнодпррод,CONJINTJPARTS,виндасEедиммнпрродсEвор,SSPRO,виндасEмнродсEвор,PRS,виндасEедиммнпрродсEвор,1
20_clean/xx_martynov_marty-621.xhtml.txt,сEлез,сEлеза,S,SV,едизсEсEвмнмсEжпросEрод,S,едрод,APRO,винмнодпррод,S,едим,SPRO,сEвор,0
20_clean/xx_majakovsky_majak8-042.xhtml.txt,дай,дасEсE,V,SV,винедмнповрод,CONJINTJPARTS,виндасEедиммнпрродсEвор,S,винедим,SV,винедмнповрод,SV,винедмнповрод,0
20_clean/xx_kuzmin_kzmn-727.xhtml.txt,миласE,миласE,S,AS,едженимполн,S,едим,S,виндасEедиммнпрродсEвор,ADVPRO,,V,инсE,0
20_clean/xx_blok_blok2-0344.xhtml.txt,пронизай,пронизасEсE?,,SV,едимпов,AS,винедиммнмсEжнеодрод,A,дасEедмнмсEжполнсEредсEвор,S,едсEвор,V,едпов,0
20_clean/xx_antokolsky_antkl-079.xhtml.txt,воронсEем,вороний,A,AS,едмсEжпрсEредсEвор,V,изсEсEвмннепросE,S,виниммн,CONJINTJPARTS,виндасEедиммнпрродсEвор,V,едизсEсEвнепросE,0
20_clean/xx_majakovsky_majak2-21.xhtml.txt,дай,дасE,S,SV,винедмнповрод,V,едизсEсEвнепросE,AS,винедиммсEжнеодполн,S,едим,AS,дасEедмнмсEжполнсEредсEвор,1
20_clean/xx_gorodecky_gorod-180.xhtml.txt,сEмсEглсEнсE,сEмсEглсEн?,,ASV,винедимкрмнприсEпросEродсEсEрад,V,едизсEсEвнепросE,S,винедиммнрод,CONJ,,ADVPROCONJPART,,0
20_clean/xx_pasternak_paster-316.xhtml.txt,благо,благой,A,ACONJS,винедимкрсEред,S,едсEвор,SPRO,им,A,винедмсEжодполнродсEред,S,едрод,1
20_clean/xx_balmont_balm3-190.xhtml.txt,сEайной,сEайнсEй,A,AS,дасEедженполнпрродсEвор,V,изсEсEвмннепросE,S,винедимпр,ADVPROCONJSPRO,виним,V,едизсEсEвнепросE,1
20_clean/xx_merezhkovsky_merezh-110.xhtml.txt,покрсEвало,покрсEвало,S,SV,винедизсEсEвимпросEсEред,AADVCONJPR,сEрав,AADVCONJPR,сEрав,ADVPART,,S,винедимпр,0
20_clean/xx_blok_blok2-1023.xhtml.txt,зласEом,зласEой,A,AS,едмсEжполнпрсEредсEвор,S,винедим,CONJINTJPARTS,виндасEедиммнпрродсEвор,CONJINTJPARTS,виндасEедиммнпрродсEвор,S,едсEвор,1
20_clean/xx_balmont_balm3-052.xhtml.txt,масEери,масEерсE,S,SV,дасEедиммнповпррод,PRS,виндасEедиммнпрродсEвор,S,пр,APRO,дасEедженпрродсEвор,S,винедиммнрод,0
20_clean/xx_majakovsky_majak4-27.xhtml.txt,сEев,сEев,S,SV,виндеепредиммнпросEрод,PARTPR,,S,виндасEимпрродсEвор,SPRO,им,PRS,виндасEедиммнпрродсEвор,0
20_clean/xx_merezhkovsky_merezh-208.xhtml.txt,болсEнсEсE,болсEной,A,AS,винмнодполнпррод,SSPRO,виндасEедиммнпрродсEвор,V,едизсEсEвмсEжпросE,PR,,S,винмнрод,0
20_clean/xx_balmont_balm-038.xhtml.txt,впивасEсEсE,впивасEсEсEи?,,SV,виндеепредимнепросEпросEрод,CONJINTJPARTS,виндасEедиммнпрродсEвор,A,дасEедмнмсEжполнсEредсEвор,S,едсEвор,PRS,виндасEедиммнпрродсEвор,0
20_clean/xx_rozhdestvensky_vrozh-278.xhtml.txt,всEсEе,всEсEоко,ADV,AADVPRS,дасEпрсEрав,AS,винедиммсEжнеодполн,ADVAPROPARTSPRO,винедиммннеодсEред,PRS,виндасEедиммнпрродсEвор,S,виндасEедмесEсEнпарсE,0
20_clean/xx_ehrehnburg_eren-606.xhtml.txt,десEи,ребенок,S,SV,иминсEисEкажмн,S,винедиммнрод,CONJPART,,PART,,APRO,виниммннеод,0
20_clean/xx_blok_blok2-0967.xhtml.txt,месEи,месE,S,SV,винедиммнпов,PRS,виндасEедиммнпрродсEвор,SV,винедизсEсEвнепросE,S,винед,PRS,виндасEедиммнпрродсEвор,1
20_clean/xx_pereval_zarud-14.xhtml.txt,дроздов,дроздов,S,AS,винедимкрмнмсEжрод,AS,едженимполн,SV,винедимпов,V,виндейсEсEвиммннеоднепросEполнприсE,S,винедиммнрод,1
20_clean/xx_bunin_bunin-736.xhtml.txt,мило,мило,S,AADVS,виндасEедимкрмнпрродсEредсEвор,V,едженизсEсEвпросE,ADV,,ADVPARTS,виним,PARTPR,,1
20_clean/xx_briusov_brius-0609.xhtml.txt,сEсEисE,сEсEисE,S,SV,винедизсEсEвиммсEжпросE,CONJPART,,APRO,винедиммсEжнеод,CONJINTJPARTS,виндасEедиммнпрродсEвор,A,винедиммсEжнеодполн,0
20_clean/xx_baltrus_balt-149.xhtml.txt,весEересE,весEерей?,,SV,виндеепредимнепросEрод,V,едизсEсEвмсEжнесEовпросE,AS,едимкрмсEж,S,винедим,A,едкрмсEж,1
20_clean/xx_bagricky_bagrc-076.xhtml.txt,сEбисEсEсE,сEбисEсEй,A,ASV,винмнодполнпрприсEпросEродсEсEрад,V,изсEсEвмннепросE,SV,винедиммнповрод,CONJINTJPARTS,виндасEедиммнпрродсEвор,V,изсEсEвмннепросE,0
20_clean/xx_briusov_brius-1264.xhtml.txt,обсEдней,обсEдно?,,AADVS,винедмнродсEравсEвор,S,винедиммнрод,A,винмнодполнпррод,S,едрод,S,виндасEедиммнпрродсEвор,0
20_clean/xx_kuzmin_kzmn-467.xhtml.txt,десEи,ребенок,S,SV,иминсEисEкажмн,A,крмн,CONJPART,,ADVPROCONJSPRO,виним,ADV,,0
20_clean/xx_briusov_brius-0455.xhtml.txt,дай,дасEсE,V,SV,винедмнповрод,SPRO,сEвор,INTJPRS,виндасEедиммнпрродсEвор,V,инсE,S,сEвор,0
20_clean/xx_polonskaja_epolo-293.xhtml.txt,засEев,засEев,S,SV,виндеепредимпросE,V,едизсEсEвмсEжпросE,SPRO,им,PRS,виндасEедиммнпрродсEвор,S,виниммн,1
20_clean/xx_mandelstamm_mandl-343.xhtml.txt,безсEмнасE,безсEмнсEй,A,AS,едженимполн,V,едизсEсEвнепросE,ADVPROCONJPART,,V,едизсEсEвнепросE,A,едженимполн,0
20_clean/xx_cerubina_cerub-250.xhtml.txt,горсE,горе,S,SV,дасEедизсEсEвнепросE,ADVPRO,,PART,,ADVPRO,,PART,,1
20_clean/xx_briusov_brius-1609.xhtml.txt,мсEсEой,мсEсEсEй,A,ASV,дасEедженполнпрприсEпросEродсEсEрадсEвор,S,едсEвор,CONJINTJPARTS,виндасEедиммнпрродсEвор,S,винедиммнрод,S,виним,1
20_clean/xx_polonskaja_epolo-160.xhtml.txt,карий,карий,A,AS,винедиммнмсEжнеодполнрод,PRS,виндасEедиммнпрродсEвор,S,едпр,S,винедиммнрод,SSPRO,винедрод,0
20_clean/xx_givanov_givan-021.xhtml.txt,дали,далсE,S,SV,виндасEедизсEсEвиммнпрпросEродсEвор,CONJINTJPARTS,виндасEедиммнпрродсEвор,SV,виндасEедизсEсEвиммнпрпросEрод,AADV,сEрав,CONJSPRO,прсEвор,0
20_clean/xx_mandelstamm_mandl-052.xhtml.txt,колоколен,колоколсEнсE,S,AS,едкрмнмсEжрод,PRS,виндасEедиммнпрродсEвор,AS,винмнодполнпррод,CONJINTJPARTS,виндасEедиммнпрродсEвор,APRO,винедиммсEжнеод,0
20_clean/xx_bely_bely-443.xhtml.txt,сEромасE,сEромой,A,ASV,деепредженимнепросEполн,S,едим,A,винедиммсEжнеодполн,ADVPR,,AS,винедимкрмнрод,0
20_clean/xx_majakovsky_majak3-12.xhtml.txt,маем,масEсEсE,V,SV,едизсEсEвкрмнмсEжнепросEпеприсEсEсEрадсEвор,V,едизсEсEвнепросE,S,винедим,SPRO,дасE,ADVPART,,1
20_clean/xx_gippius_gip-360-1.xhtml.txt,сEсEсEали,сEсEсEалсE,S,SV,виндасEедизсEсEвиммнпрпросEрод,INTJPRS,виндасEедиммнпрродсEвор,S,винедиммнрод,S,винедиммнрод,CONJINTJ,,1
20_clean/xx_antokolsky_antkl-379.xhtml.txt,помосEсE,помосEсE,V,SV,винедиминсE,V,едизсEсEвмсEжпросE,CONJSPRO,прсEвор,A,дасEедженполнпрродсEвор,S,едсEвор,0
20_clean/xx_rozhdestvensky_vrozh-286.xhtml.txt,нем,немой,A,ASSPRO,едкрмнмсEжпррод,AADVV,едизсEсEвкрпросEсEред,PRS,виндасEедиммнпрродсEвор,A,винедиммсEжнеодполн,S,винедим,1
20_clean/xx_givanov_givan-109.xhtml.txt,дали,далсE,S,SV,виндасEедизсEсEвиммнпрпросEродсEвор,PARTPR,,S,едпр,AADV,едкрсEред,A,дасEедженполнпрродсEвор,0
20_clean/xx_mandelstamm_mandl-249.xhtml.txt,сEмсEсEков,сEмсEсEок,S,AS,едкрмнмсEжрод,S,винедиммнрод,S,виниммн,V,едизсEсEвнепросE,ADVPROS,им,0
20_clean/xx_briusov_brius-1390.xhtml.txt,гнили,гнилсE,S,SV,виндасEедизсEсEвиммнпрпросEрод,PRS,виндасEедимпрродсEвор,S,едсEвор,A,винедимполнсEред,S,винедим,0
20_clean/xx_blok_blok2-0971.xhtml.txt,дали,далсE,S,SV,виндасEедизсEсEвиммнпрпросEродсEвор,S,едим,SPRO,дасE,AS,виниммннеодполн,SV,винедженизсEсEвиммнпросEрод,1
20_clean/xx_oleynikov_olein-069.xhtml.txt,лсEбсEсEсEсE,лсEбсEсEсEсEи?,,SV,виндеепредимнепросEпросEрод,PR,,SV,винедизсEсEвимпросEсEред,S,едсEвор,S,едим,0
20_clean/xx_givanov_givan-655.xhtml.txt,ало,алсEй,A,AS,виндасEедимкрмнпрродсEредсEвор,PRS,виндасEедиммнпрродсEвор,ASSPRO,едкрмнмсEжпррод,ADVPROCONJSPRO,виним,A,едкрсEред,0
20_clean/xx_kuzmin_kzmn-219.xhtml.txt,сEвесEила,сEвесEило,S,SV,винедженизсEсEвиммннеододпросEрод,S,винедим,ADVAPROPARTSPRO,винедиммннеодсEред,SV,винедиммнповрод,S,винедим,0
20_clean/xx_majakovsky_majak3-12.xhtml.txt,май,май,S,SV,винедиммнповрод,ADVPRO,,V,инсE,ADVCONJPART,,V,едизсEсEвнепросE,0
20_clean/xx_cvetaeva_cvet1-625.xhtml.txt,горсE,горесEсE,V,SV,дасEедизсEсEвнепросE,SV,дасEедизсEсEвнепросE,CONJINTJPARTS,виндасEедиммнпрродсEвор,PRS,виндасEедиммнпрродсEвор,S,виндасEедиммнпрродсEвор,0
20_clean/xx_briusov_brius-046.xhtml.txt,дали,далсE,S,SV,виндасEедизсEсEвиммнпрпросEродсEвор,S,виниммн,SPRO,им,S,винедим,CONJPART,,1
20_clean/xx_bunin_bunin-039.xhtml.txt,сEела,сEело,S,SV,винедженизсEсEвиммнпросEрод,V,изсEсEвмннепросE,APRO,виниммннеод,PRS,виндасEедимпрродсEвор,S,виндасEедиммнпррод,0
20_clean/xx_polonskaja_epolo-102.xhtml.txt,внсEсEасE,внсEсEонок,S,AS,винедкрмнмсEжрод,A,дасEедженполнпрродсEвор,S,виндасEедиммнпррод,SV,винедженизсEсEвиммнпросEрод,S,винедиммнрод,0
20_clean/xx_briusov_brius-0866.xhtml.txt,дай,дасEсE,V,SV,винедмнповрод,V,изсEсEвмнпросE,V,деепрпросE,CONJPART,,SPRO,дасEпр,0
20_clean/xx_briusov_brius-1235.xhtml.txt,сEасEе,сEасEа,S,AADVS,дасEедпрсEрав,APROCONJPARTSPRO,винедимсEред,PRS,виндасEедиммнпрродсEвор,A,дасEедженполнпрродсEвор,V,едизсEсEвмсEжпросE,0
20_clean/xx_balmont_balm3-193.xhtml.txt,версEовен,версEовен,S,AS,виндасEедимкрмнмсEжпрродсEвор,S,винедим,V,едпов,ASV,едимповсEрав,INTJV,едизсEсEвинсEмннасEсEнепросE,0
20_clean/xx_mandelstamm_mandl-138.xhtml.txt,нем,немой,A,ASSPRO,едкрмнмсEжпррод,V,едженизсEсEвпросE,PRS,виндасEедиммнпрродсEвор,SPRO,им,AV,едизсEсEвкрмнмсEжнепросEприсEсEсEрад,0
20_clean/xx_majakovsky_majak7-099.xhtml.txt,носEки,носEок,S,AS,винедимкрмнполнродсEред,AS,едженимкррод,APRONUM,виниммннеод,A,крмн,CONJINTJPARTS,виндасEедиммнпрродсEвор,0
20_clean/xx_merezhkovsky_merezh-197.xhtml.txt,дорог,дорога,S,AS,едкрмнмсEжрод,ADVV,едизсEсEвнепросE,AADV,едкрсEред,SV,винедимпов,ADVPROCONJ,,1
20_clean/xx_adobroljubov_adobr-73.xhtml.txt,сEел,сEело,S,SV,едизсEсEвмнмсEжпросEрод,SPRO,винпррод,SPRO,им,PR,,S,едсEвор,1
20_clean/xx_majakovsky_majak8-012.xhtml.txt,поймсE,пойма,S,SV,винедизсEсEвнепросE,S,виндасEеджениммнмсEжпрродсEредсEвор,PART,,CONJPART,,PRS,виндасEедиммнпрродсEвор,1
20_clean/xx_briusov_brius-1207.xhtml.txt,сEмел,сEмесEсE,V,ASV,едизсEсEвкрмнмсEжпросEрод,A,едкрмсEж,CONJINTJPARTS,виндасEедиммнпрродсEвор,S,едим,CONJPART,,1
20_clean/xx_givanov_givan-113.xhtml.txt,всEсEе,всEсEе,PR,AADVPRS,дасEпрсEрав,APROSPRO,едмсEжпрсEред,S,дасEедпр,S,винедим,S,винедимпр,0
20_clean/xx_majakovsky_majak6-23.xhtml.txt,писEмасEи,писEмасEасEсE?,,SV,виндасEедиммнповпрродсEвор,APRO,виниммннеод,APROCONJPARTSPRO,винедимсEред,PR,,S,едсEвор,0
20_clean/xx_briusov_brius-0324.xhtml.txt,сEайной,сEайнсEй,A,AS,дасEедженполнпрродсEвор,V,едизсEсEвмсEжнесEовпросE,V,едкрмсEжприсEпросEсEсEрад,S,винедиммнрод,SPRO,им,0
20_clean/xx_adalis_adal-11.xhtml.txt,бисE,бисEсE,V,ASV,винедимкрмнмсEжприсEпросEродсEсEрад,PART,,ADV,,CONJINTJPARTS,виндасEедиммнпрродсEвор,AV,едкрмсEжприсEпросEсEсEрад,0
20_clean/xx_antokolsky_antkl-077.xhtml.txt,десEи,ребенок,S,SV,иминсEисEкажмн,APROSPRO,винмнодпррод,AS,винмнодполнпррод,V,изсEсEвмннепросE,V,едизсEсEвнепросE,0
20_clean/xx_rozhdestvensky_vrozh-045.xhtml.txt,дай,дасEсE,V,SV,винедмнповрод,AS,едкрмнмсEжрод,S,едим,SPRO,дасEпр,S,винедимпр,0
20_clean/xx_bely_bely-293.xhtml.txt,минсEсE,минсEсEа,S,SV,изсEсEвмннепросEрод,S,едсEвор,S,едрод,AS,винедиммнмсEжнеодрод,S,мнрод,0
20_clean/xx_polonskaja_epolo-141.xhtml.txt,долгом,долгий,A,AS,едмсEжполнпрсEредсEвор,CONJPART,,PRS,виндасEедиммнпрродсEвор,V,едизсEсEвнепросE,S,винедимпр,0
20_clean/xx_balmont_balm2-009.xhtml.txt,зрасEков,зрасEок,S,AS,едкрмнмсEжрод,S,виндасEедиммнпрродсEвор,S,виндасEедиммнпррод,S,виндасEедиммнпррод,AS,едкрмнмсEжрод,0
20_clean/xx_selvinsky_selv-231.xhtml.txt,безсEменсEкого,безсEменсEкий?,,AS,винедмсEжодполнродсEред,AS,винедмсEжодполнродсEред,PARTPR,,APROCONJPARTSPRO,винедимсEред,ADVPROCONJSPRO,виним,0
20_clean/xx_blok_blok2-0971.xhtml.txt,легкие,легкое,S,AS,виниммннеодполн,SPRO,дасE,SV,виндасEедизсEсEвиммнпрпросEродсEвор,SV,винедженизсEсEвиммнпросEрод,CONJINTJ,,1
20_clean/xx_blok_blok2-0382.xhtml.txt,дали,далсE,S,SV,виндасEедизсEсEвиммнпрпросEродсEвор,V,изсEсEвмнпепросE,PRS,виндасEедиммнпрродсEвор,A,дасEедженполнпрродсEвор,PRS,виндасEедиммнпрродсEвор,0
20_clean/xx_selvinsky_selv2-113.xhtml.txt,лсEбимой,лсEбимсEй,A,ASV,дасEедженнепросEполнпрприсEродсEсEрадсEвор,S,винедим,APRO,дасEедженпрродсEвор,A,винмнодполнпррод,S,винедиммнрод,1
20_clean/xx_briusov_brius-1448.xhtml.txt,сEлез,сEлеза,S,SV,едизсEсEвмнмсEжпросEрод,PRS,виндасEедиммнпрродсEвор,S,дасEед,CONJINTJPARTS,виндасEедиммнпрродсEвор,APROSPRO,винедиммсEжнеод,0
20_clean/xx_bely_bely-344.xhtml.txt,знаком,знакомсEй,A,AS,едкрмсEжсEвор,ADV,,ADV,,AS,едкрмсEжсEвор,V,инсEнесEов,0
20_clean/xx_gorodecky_gorod-185.xhtml.txt,алее,алсEй,A,AS,дасEедпрсEрав,S,винедим,APROCONJSSPRO,виндасEедмнмсEжродсEредсEвор,ADVV,едизсEсEвнепросE,S,винедим,0
20_clean/xx_majakovsky_majak4-08.xhtml.txt,залили,залисEсE,V,SV,едизсEсEвиммнпросEрод,ADVV,едизсEсEвнепросE,V,инсE,S,сEвор,V,изсEсEвмнпросE,0
20_clean/xx_antokolsky_antkl-038.xhtml.txt,сEсEав,сEсEав,S,SV,виндеепредимпросE,S,винедиммнрод,CONJINTJPARTS,виндасEедиммнпрродсEвор,ADVPART,,AADVV,едповсEрав,1
20_clean/xx_bergholz_bergh-076.xhtml.txt,всEсEе,всEсEоко,ADV,AADVPRS,дасEпрсEрав,AADV,едкрсEред,ADVAPROPARTSPRO,винедиммннеодсEред,V,деепрнепросE,ADVPR,,0
20_clean/xx_gorodecky_gorod-255.xhtml.txt,нем,немой,A,ASSPRO,едкрмнмсEжпррод,V,инсE,PARTPR,,CONJSV,едиммнповрод,V,едизсEсEвнепросE,1
20_clean/xx_blok_blok2-1023.xhtml.txt,обсEсEали,обсEсEалсE?,,SV,виндасEедизсEсEвиммнпрпросEрод,A,дасEедмнмсEжполнсEредсEвор,ADVPRS,едсEвор,SV,винедизсEсEвиммсEжпросE,A,виндасEеджениммсEжнеодполнпрродсEвор,0
20_clean/xx_briusov_brius-0609.xhtml.txt,мировсEм,миров,S,AS,дасEедмнмсEжполнсEредсEвор,PRS,виндасEедимпрродсEвор,S,едсEвор,S,винедим,APRO,дасEедженпрродсEвор,1
20_clean/xx_balmont_balm3-052.xhtml.txt,масEери,масEерсE,S,SV,дасEедиммнповпррод,V,инсE,PRS,винмнрод,S,винедиммнрод,CONJINTJPARTS,виндасEедиммнпрродсEвор,0
20_clean/xx_briusov_brius-0404.xhtml.txt,парки,парк,S,AS,винедимкрмнрод,S,дасEедпр,V,изсEсEвмнпросE,SPRO,дасE,SPRO,им,0
20_clean/xx_mercurieva_merc-317.xhtml.txt,зайсEинсEсE,зайсEинсEй?,,AS,винмнодполнпррод,V,деепрнепросE,PARTPR,,S,мнпр,SPRO,им,0
20_clean/xx_ellis_ellis-020.xhtml.txt,кисEа,кисE,S,SV,деепреднепросEрод,A,дасEедженполнпрродсEвор,S,дасEедпр,V,едизсEсEвнепросE,S,винедим,1
20_clean/xx_gofman_gfmn-067.xhtml.txt,играсEсEий,играсEсEий,S,SV,виндейсEсEведиммсEжнеоднепросEполнприсE,A,сEрав,V,едизсEсEвмсEжпросE,S,винедим,CONJINTJPARTS,виндасEедиммнпрродсEвор,1
20_clean/xx_blok_blok2-0656.xhtml.txt,сEел,сEело,S,SV,едизсEсEвмнмсEжпросEрод,A,винедиммсEжнеодполн,S,едим,INTJPRS,виндасEедиммнпрродсEвор,S,едрод,1
20_clean/xx_cvetaeva_cvet1-025.xhtml.txt,десEи,ребенок,S,SV,иминсEисEкажмн,S,мнпр,V,изсEсEвмннепросE,ADVAPROPARTSPRO,винедиммннеодсEред,AADV,едкрсEред,0
20_clean/xx_mandelstamm_mandl-571.xhtml.txt,найдсE,найда,S,SV,винедизсEсEвнепросE,CONJINTJPARTS,виндасEедиммнпрродсEвор,APRO,винедиммсEжнеод,APROSPRO,виндасEеджениммнмсEжнеододпрродсEредсEвор,ADVCONJPART,,1
20_clean/xx_balmont_balm3-083.xhtml.txt,сEпорсE,сEпор,S,AS,винедимкрмнрод,APRO,виниммннеод,APROCONJPARTSPRO,винедимсEред,SPRO,им,V,едизсEсEвмсEжпросE,1
20_clean/xx_balmont_balm2-009.xhtml.txt,горсE,горе,S,SV,дасEедизсEсEвнепросE,AS,виндасEеджениммсEжнеодполнпрродсEвор,SSPRO,виндасEедиммнпрродсEвор,V,едизсEсEвнепросE,PRS,виндасEедиммнпрродсEвор,1
20_clean/xx_majakovsky_majak6-43.xhtml.txt,просEлое,просEлсEй,A,AS,винедимполнсEред,CONJ,,PRS,виндасEедиммнпрродсEвор,V,едизсEсEвнепросE,AV,винедимполнприсEпросEсEредсEсEрад,0
20_clean/xx_oleynikov_olein-098.xhtml.txt,десEи,ребенок,S,SV,иминсEисEкажмн,SPRO,дасE,AS,винедиммсEжнеодполн,S,дасEедиммн,APROSV,винедиммсEжнеодпов,0
20_clean/xx_bagricky_bagrc-133.xhtml.txt,сEобсEсE,сEбисEсE,V,SV,едизсEсEвнепросEсEвор,AS,едмсEжполнпрсEредсEвор,S,едпр,S,винед,PRS,виндасEедиммнпрродсEвор,0
20_clean/xx_rozhdestvensky_vrozh-278.xhtml.txt,просEлого,просEлое,S,AS,винедмсEжодполнродсEред,V,едженизсEсEвпросE,S,винедим,ADV,,CONJINTJPARTS,виндасEедиммнпрродсEвор,0
20_clean/xx_cvetaeva_cvet1-742.xhtml.txt,голсEбинсEм,голсEбин,S,AS,дасEедмнмсEжполнсEредсEвор,A,дасEедмнмсEжполнсEредсEвор,S,дасEмн,A,дасEедмнмсEжполнсEредсEвор,APRO,дасEедмнмсEжсEредсEвор,1
20_clean/xx_rozhdestvensky_vrozh-189.xhtml.txt,сEолсEе,сEолсEе?,S,AS,виндасEедиммнпрродсEредсEвор,S,винедимрод,CONJINTJPARTS,виндасEедиммнпрродсEвор,S,едим,A,винедиммсEжнеодполн,0
20_clean/xx_briusov_brius-1067.xhtml.txt,всEсEе,всEсEе,PR,AADVPRS,дасEпрсEрав,S,винедиммнрод,S,винедиммнрод,V,изсEсEвмнпросE,SSPRO,виндасEедиммнпрродсEвор,1
20_clean/xx_ehrehnburg_eren-154.xhtml.txt,сEепсEала,сEепсEасEсE,V,SV,едженизсEсEвимпросE,V,едженизсEсEвпросE,CONJINTJPARTS,виндасEедиммнпрродсEвор,INTJPRS,виндасEедиммнпрродсEвор,A,едмсEжполнпрсEред,0
20_clean/xx_selvinsky_selv2-127.xhtml.txt,сEели,сEесEсEсE,V,SV,винедизсEсEвиммнповпросE,SPRO,им,V,инсE,PRS,виндасEедиммнпрродсEвор,S,винедим,0
20_clean/xx_gumilev_gumil-309.xhtml.txt,реже,редко,ADV,AADVS,едпрсEрав,SV,виндасEедиммнповпррод,V,изсEсEвмннепросE,V,едизсEсEвнепросE,S,винедим,1
20_clean/xx_merezhkovsky_merezh-081.xhtml.txt,сEвесEило,сEвесEисEсE,V,SV,винедизсEсEвимнеододпросEсEред,S,едим,A,винедимполнсEред,PRS,виндасEедиммнпрродсEвор,S,едпр,1
20_clean/xx_pasternak_paster-227.xhtml.txt,полов,пол,S,ASV,виндеепредкрмнмсEжпросEрод,AADV,едкрсEред,S,винедим,PART,,V,изсEсEвмнпросE,0
20_clean/xx_bunin_bunin-394.xhtml.txt,лсEбимого,лсEбимсEй,S,ASV,винедмсEжнепросEодполнприсEродсEредсEсEрад,S,едиммнрод,AS,винедмсEжодполнродсEред,S,едсEвор,PR,,1
20_clean/xx_ehrehnburg_eren-052.xhtml.txt,весEерней,весEерний,A,AS,дасEедженполнпрродсEвор,S,винмнрод,PRS,виндасEедиммнпрродсEвор,AADVS,дасEедпрсEрав,CONJSPRO,прсEвор,0
20_clean/xx_pasternak_paster-048.xhtml.txt,гасE,гасEнсEсEсE,V,SV,виндасEедизсEсEвиммнмсEжпрпросEродсEвор,V,едизсEсEвмсEжпросE,CONJINTJPARTS,виндасEедиммнпрродсEвор,SSPRO,виндасEедиммнпрродсEвор,V,едизсEсEвмсEжпросE,0
20_clean/xx_mandelstamm_mandl-020.xhtml.txt,сEасEов,сEасE,S,AS,винедиммнмсEжнеодрод,S,едим,A,винмнодпррод,PRS,виндасEедиммнпрродсEвор,S,виндасEедиммнпррод,0
20_clean/xx_adobroljubov_adobr-82.xhtml.txt,масEери,масEерсE,S,SV,дасEедиммнповпррод,S,едим,S,винедиммнрод,CONJINTJPARTS,виндасEедиммнпрродсEвор,ADVAPROPARTSPRO,винедиммннеодсEред,0
20_clean/xx_bely_bely-197.xhtml.txt,нем,немой,A,ASSPRO,едкрмнмсEжпррод,A,едкрмсEж,CONJINTJPARTS,виндасEедиммнпрродсEвор,A,едженимполн,S,винедим,0
20_clean/xx_schepkina-kupernik_kuper-064.xhtml.txt,нем,немой,A,ASSPRO,едкрмнмсEжпррод,ADVAPROCOM,едкрсEред,PRS,виндасEедиммнпрродсEвор,AS,едимкрмнмсEжрод,S,мнрод,1
20_clean/xx_majakovsky_majak8-109.xhtml.txt,сEморсE,сEморе?,S,SV,виндеепредиммннепросEпросEрод,S,винедим,S,мнсEвор,CONJPART,,PARTPR,,0
20_clean/xx_gorodecky_gorod-299.xhtml.txt,сEвсEсEсEе,сEвсEсEой,S,AS,виниммннеодполн,V,изсEсEвмнпросE,S,едиммнрод,V,изсEсEвмннепросE,CONJINTJ,,1
20_clean/xx_gorodecky_gorod-167.xhtml.txt,дали,далсE,S,SV,виндасEедизсEсEвиммнпрпросEродсEвор,ADVPART,,APRO,виниммннеод,PRS,винмнрод,APRO,дасEедженпрродсEвор,0
20_clean/xx_moravskaja_morav-33.xhtml.txt,нсEм,он,SPRO,ASSPRO,едкрмнмсEжпррод,V,инсE,PRS,виндасEедиммнпрродсEвор,A,винедиммсEжнеод,S,винедим,0
20_clean/xx_ehrehnburg_eren-620.xhtml.txt,сEпорсE,сEпор,S,AS,винедимкрмнрод,V,изсEсEвмннепросE,ADVAPROPARTSPRO,винедиммннеодсEред,CONJINTJPARTS,виндасEедиммнпрродсEвор,SSPRO,виндасEедиммнпрродсEвор,0
20_clean/xx_majakovsky_majak4-11.xhtml.txt,нем,он,SPRO,ASSPRO,едкрмнмсEжпррод,CONJINTJPARTS,виндасEедиммнпрродсEвор,SV,винедизсEсEвнепросE,ADVPRS,едпр,S,виндасEедиммнпррод,0
20_clean/xx_gorodecky_gorod-243.xhtml.txt,нисEасE,нисEий,A,ASV,деепредженимнепросEполн,SPRO,дасEпр,CONJINTJPARTS,виндасEедиммнпрродсEвор,PRS,виндасEедиммнпрродсEвор,S,виндасEедиммнпррод,0
20_clean/xx_kuzmin_kzmn-199.xhtml.txt,дам,дама,S,SV,винедизсEсEвмннепросEрод,SSPRO,виндасEедиммнпрродсEвор,S,винедимпр,CONJINTJ,,PART,,1
20_clean/xx_gofman_gfmn-064.xhtml.txt,посEелсEй,посEелсEй,S,SV,винедимпов,S,винедиммнрод,ADVPRO,,APROSPRO,виндасEеджениммнмсEжнеододпрродсEредсEвор,V,едизсEсEвнепросE,0
20_clean/xx_ellis_ellis-224.xhtml.txt,всEсEе,всEсEоко,ADV,AADVPRS,дасEпрсEрав,S,едим,S,виндасEедиммнпррод,CONJSPRO,прсEвор,S,едим,0
20_clean/xx_ellis_ellis-224.xhtml.txt,покрсEвала,покрсEвасEсE,V,SV,винедженизсEсEвиммнпросEрод,S,винедиммнрод,ADVPR,,SV,виндеепрмнпросEрод,ADVPROCONJPART,,1
20_clean/xx_kuzmin_kzmn-707.xhtml.txt,сEепсEала,сEепсEасEсE,V,SV,едженизсEсEвимпросE,A,едженимполн,S,едим,V,едпов,V,едизсEсEвпросEсEред,0
20_clean/xx_mercurieva_merc-254.xhtml.txt,сEсEжое,сEсEжой,A,AS,винедимсEред,V,едизсEсEвпросEсEред,A,винедимполнсEред,A,винедимполнсEред,S,винедимпр,0
20_clean/xx_ehrehnburg_eren-648.xhtml.txt,масEерей,масEерсE,S,SV,винедмнповрод,S,винедрод,PR,,PRS,виндасEедиммнпрродсEвор,S,мнсEвор,0
20_clean/xx_cvetaeva_cvet1-732.xhtml.txt,досEелева,досEелев?,S,AS,винедженимкррод,AS,винедженимкррод,CONJINTJPARTS,виндасEедиммнпрродсEвор,V,инсE,PART,,1
20_clean/xx_cvetaeva_cvet1-717.xhtml.txt,рсEмсEн,рсEмсEнсEй,A,AS,едкрмсEжрод,CONJPART,,S,едрод,PARTPR,,AS,винмнодполнпррод,1
20_clean/xx_martynov_marty-029.xhtml.txt,дам,дама,S,SV,винедизсEсEвмннепросEрод,S,едим,SSPRO,виндасEедиммнпрродсEвор,SPRO,дасE,S,винед,1
20_clean/xx_briusov_brius-0324.xhtml.txt,подсEиненнасE,подсEиненнсEй,A,ASV,едженимполнприсEпросEсEсEрад,CONJINTJ,,ADVS,винедим,S,дасEедпр,A,едженкр,0
20_clean/xx_shalamov_shlmv-320.xhtml.txt,висEневсEм,висEнев,S,AS,дасEедмнмсEжполнсEредсEвор,ADVCONJPART,,S,едсEвор,S,винедим,S,виниммн,1
20_clean/xx_gippius_gip-409.xhtml.txt,васEилсEковел,васEилсEковесEсEи?,V,ASV,едизсEсEвкрмнмсEжпросEрод,PARTPR,,S,едпр,S,винедрод,S,винедим,0
20_clean/xx_givanov_givan-176.xhtml.txt,дорогой,дорогой,S,AS,виндасEеджениммсEжнеодполнпрродсEвор,AV,винедмсEжодполнприсEпросEродсEредсEсEрад,S,винедим,V,едизсEсEвнепросE,CONJINTJPARTS,виндасEедиммнпрродсEвор,0
20_clean/xx_blok_blok1-295.xhtml.txt,нисEисE,нисEий,A,AS,винмнодполнпррод,ADVPROCONJSPRO,виним,APRO,винмнодпррод,V,изсEсEвмнпросE,S,едрод,1
20_clean/xx_bunin_bunin-370.xhtml.txt,сEпсEсEие,сEпсEсEий,A,ASV,виндейсEсEвиммннеоднепросEполнприсE,ADVPR,,ADVPROCONJPART,,S,иммн,PRS,виндасEедиммнпрродсEвор,0
20_clean/xx_cvetaeva_cvet1-809.xhtml.txt,прокаженнсEсE,прокаженнсEй,S,SV,винмнодпеполнпрприсEпросEродсEсEрад,S,мнрод,ADVPROCONJPART,,S,винедим,V,едизсEсEвнепросE,0
20_clean/xx_axmatova_axmat-836.xhtml.txt,гранисE,гранисE,S,SV,винедизсEсEвиммннепросEрод,INTJPARTPR,,S,дасEедпр,A,винедиммсEжнеодполн,V,едизсEсEвнепросE,0
20_clean/xx_gumilev_gumil-008.xhtml.txt,сEепсEала,сEепсEасEсE,V,SV,едженизсEсEвимпросE,S,виндасEедиммнпррод,A,виниммннеодполн,INTJPRS,виндасEедиммнпрродсEвор,AS,едмсEжполнпрсEредсEвор,0
20_clean/xx_majakovsky_majak2-21.xhtml.txt,дам,дама,S,SV,винедизсEсEвмннепросEрод,S,дасEед,PART,,SSPRO,виндасEедиммнпрродсEвор,S,винедиммнрод,1
20_clean/xx_adalis_adal-11.xhtml.txt,сEсEасEсE,сEсEасEсE,V,SV,винедиминсE,SV,едизсEсEвмнмсEжпросEрод,CONJPART,,S,едсEвор,SV,винедизсEсEвиммннепросEрод,0
20_clean/xx_schepkina-kupernik_kuper-064.xhtml.txt,знаком,знак,S,AS,едкрмсEжсEвор,APROSPRO,дасEедмнмсEжпрсEредсEвор,SSPRO,виндасEед,A,винедиммсEжнеодполн,AS,винедимкрмнмсEжрод,1
20_clean/xx_annensky_anne-146.xhtml.txt,найдсE,найда,S,SV,винедизсEсEвнепросE,ADVPROPART,,APROSPRO,виндасEеджениммнмсEжнеододпрродсEредсEвор,PRS,виндасEедиммнпрродсEвор,A,дасEедмнмсEжполнсEредсEвор,1
20_clean/xx_smeliakov_smel-219.xhtml.txt,пивнасE,пивной,A,AS,едженимполн,APROS,едженим,A,едженимполн,AADVPARTS,едпрсEрав,V,едженкрприсEпросEсEсEрад,1
20_clean/xx_majakovsky_majak7-031.xhtml.txt,коросEе,коросEе,ADV,AADVS,вводндасEедпрсEрав,CONJPART,,AADV,сEрав,A,сEрав,S,едим,1
20_clean/xx_gumilev_gumil-041.xhtml.txt,сEсEасEсE,сEсEасEсE,V,SV,винедиминсE,PRS,виндасEедиммнпрродсEвор,S,дасEмн,AS,дасEедмнмсEжполнсEредсEвор,CONJINTJPARTS,виндасEедиммнпрродсEвор,0
20_clean/xx_merezhkovsky_merezh-110.xhtml.txt,нем,немой,A,ASSPRO,едкрмнмсEжпррод,A,едкрмсEж,CONJINTJPARTS,виндасEедиммнпрродсEвор,ADVPROCONJPART,,S,винедим,1
20_clean/xx_kuzmin_kzmn-288.xhtml.txt,сEасE,сEаисEсE,V,SV,винедизсEсEвнепросE,V,едизсEсEвнепросE,ADVCONJPART,,SV,винедизсEсEвнепросE,SV,винедизсEсEвнепросE,0
20_clean/xx_bely_bely-027.xhtml.txt,возлсEбленной,возлсEбленнсEй,A,ASV,дасEедженполнпрприсEпросEродсEсEрадсEвор,ASV,дасEедженполнпрприсEпросEродсEсEрадсEвор,S,винедим,S,виндасEедиммнпррод,PRS,виндасEедиммнпрродсEвор,1
20_clean/xx_smeliakov_smel-272.xhtml.txt,минсEсE,минсEсEа,S,SV,изсEсEвмннепросEрод,S,винедимпр,ANUM,винодпррод,CONJPART,,PRS,винмнрод,0
20_clean/xx_pasternak_paster-335.xhtml.txt,знаком,знакомсEй,A,AS,едкрмсEжсEвор,S,едсEвор,V,едизсEсEвмсEжнесEовпросE,CONJINTJPARTS,виндасEедиммнпрродсEвор,PRS,виндасEедиммнпрродсEвор,0
20_clean/xx_kuzmin_kzmn-448.xhtml.txt,дан,дан,S,SV,винедимкрмнмсEжприсEпросEродсEсEрад,A,дасEедженполнпрродсEвор,S,едсEвор,ADVPROCONJPART,,S,мнрод,1
20_clean/xx_selvinsky_selv-198.xhtml.txt,косEлов,косEел,S,AS,едимкрмнмсEжрод,S,мнсEвор,A,винмнодполнпррод,PRS,винмнрод,AS,мнполнсEвор,0
20_clean/xx_majakovsky_majak7-022.xhtml.txt,гнесE,гнесE,S,SV,винедизсEсEвимнепросE,S,дасEпр,S,мнрод,A,сEрав,S,едсEвор,0
20_clean/xx_briusov_brius-1005.xhtml.txt,сEасE,сEаисEсE,V,SV,деепредимнепросE,V,инсE,S,винедим,INTJPRS,виндасEедиммнпрродсEвор,A,едженимполн,0
20_clean/xx_merezhkovsky_merezh-061.xhtml.txt,сEвесEозорного,сEвесEозорнсEй?,A,AS,винедмсEжодполнродсEред,CONJINTJPARTS,виндасEедиммнпрродсEвор,SV,винедиммнпов,S,едрод,S,род,0
20_clean/xx_shalamov_shlmv-109.xhtml.txt,весEровсEм,весEровсEй,A,AS,дасEедмнмсEжполнсEредсEвор,S,винедиммнрод,V,едизсEсEвнепросE,S,едсEвор,S,винедиммнрод,0
20_clean/xx_bely_bely-093.xhtml.txt,пернасEсEе,пернасEое,S,AS,виниммннеодполн,APROSPRO,виндасEеджениммнмсEжнеододпрродсEредсEвор,S,виниммн,ADVPROPART,,PRS,мнрод,0
20_clean/xx_givanov_givan-097.xhtml.txt,сEлез,сEлеза,S,SV,едизсEсEвмнмсEжпросEрод,PARTV,едизсEсEвнесEовпросEсEред,CONJPART,,INTJPRS,виндасEедиммнпрродсEвор,A,винмнодполнпррод,0
20_clean/xx_briusov_brius-0763.xhtml.txt,сEисEе,сEисEо,ADV,AADVS,дасEедпрсEрав,A,сEрав,ADVAPROPARTSPRO,винедиммннеодсEред,SPRO,им,PR,,0
20_clean/xx_ehrehnburg_eren-752.xhtml.txt,примесE,примесEа,S,SV,едизсEсEвмннепросEрод,S,виндасEедиммнпрродсEвор,S,едим,S,едим,SV,едизсEсEвмннепросEрод,0
20_clean/xx_skaldin_skald-052.xhtml.txt,маломсE,малсEй,S,AS,дасEедмсEжполнсEред,AS,дасEедмсEжполнсEред,CONJINTJPARTS,виндасEедиммнпрродсEвор,APROCONJPARTSPRO,винедимсEред,APROCONJPARTSPRO,винедимсEред,0
20_clean/xx_briusov_brius-018.xhtml.txt,поросEли,поросEлсE,S,SV,виндасEедизсEсEвиммнпрпросEрод,A,дасEедженполнпрродсEвор,S,едсEвор,S,виниммн,CONJINTJPARTS,виндасEедиммнпрродсEвор,1
20_clean/xx_bely_bely-196.xhtml.txt,драконов,дракон,S,AS,винедимкрмнмсEжнеодрод,AS,виндасEедиммнодполнпрродсEвор,A,винмнодполнпррод,V,едизсEсEвмсEжпросE,S,винедим,0
20_clean/xx_briusov_brius-1143.xhtml.txt,аккордов,аккорд,S,AS,едкрмнмсEжрод,CONJPART,,S,винедиммнрод,AS,винмнодполнпррод,S,винедим,0
20_clean/xx_kuzmin_kzmn-707.xhtml.txt,легкие,легкое,S,AS,виниммннеодполн,PRS,виндасEедиммнпрродсEвор,A,виниммннеодполн,A,виниммннеод,S,виниммн,1
20_clean/xx_kuzmin_kzmn-238.xhtml.txt,дана,дан,S,SV,винедженимкрприсEпросEродсEсEрад,APROV,деепредженимнепросE,SPRO,дасEпр,AS,винедиммсEжнеодполн,PRS,виндасEедиммнпрродсEвор,1
20_clean/xx_majakovsky_majak5-22.xhtml.txt,масE,масEсEсE,V,SV,виндасEедизсEсEвнепросE,APROV,деепредженимнепросE,ADVPROCONJSPRO,виним,ADV,,SV,винедиммнповрод,1
20_clean/xx_blok_blok2-0547.xhtml.txt,сEасE,сEаисEсE,V,SV,деепредимнепросE,S,винедим,V,едженизсEсEвпросE,V,деепрнепросE,V,деепрнепросE,0
20_clean/xx_cvetaeva_cvet1-351.xhtml.txt,замер,замер,S,SV,винедизсEсEвиммсEжпросE,V,едженизсEсEвпросE,S,винедим,A,мнполнсEвор,S,мнсEвор,1
20_clean/xx_merezhkovsky_merezh-110.xhtml.txt,песEровой,песEрова,S,AS,дасEедженпрродсEвор,S,едсEвор,S,винедиммнрод,PRS,виндасEедиммнпрродсEвор,S,едпр,0
20_clean/xx_gofman_gfmn-128.xhtml.txt,сEасE,сEаисEсE,V,SV,винедизсEсEвнепросE,S,винедимпр,APROSPRO,виндасEеджениммнмсEжнеододпрродсEредсEвор,CONJINTJPARTS,виндасEедиммнпрродсEвор,PRS,винедим,0
20_clean/xx_balmont_balm2-138.xhtml.txt,месEи,месE,S,SV,винедиммнпов,PRS,виндасEедиммнпрродсEвор,AS,едженполнсEвор,CONJINTJPARTS,виндасEедиммнпрродсEвор,S,винедим,0
20_clean/xx_briusov_brius-1674.xhtml.txt,сEсEасEсE,сEсEасEсE,V,SV,винедиминсE,S,винедиммнрод,V,виндейсEсEведиммсEжнеоднепросEполнприсE,S,едсEвор,CONJINTJPARTS,виндасEедиммнпрродсEвор,0
20_clean/xx_cvetaeva_cvet1-346.xhtml.txt,сEали,сEалсE,S,SV,виндасEедиммнмсEжповпрродсEредсEвор,PRS,виндасEедиммнпрродсEвор,AS,дасEедженполнпрродсEвор,PRS,виндасEедиммнпрродсEвор,AS,дасEедмнмсEжполнсEредсEвор,0
20_clean/xx_shalamov_shlmv-116.xhtml.txt,всEсEе,всEсEоко,ADV,AADVPRS,дасEпрсEрав,CONJINTJPARTS,виндасEедиммнпрродсEвор,V,деепрнепросE,PRS,виндасEедиммнпрродсEвор,S,винедиммнрод,0
20_clean/xx_gippius_gip-430.xhtml.txt,масEери,масEерсE,S,SV,дасEедиммнповпррод,PRS,виндасEедиммнпрродсEвор,A,дасEедженпрродсEвор,NUM,виниммсEжнеодсEред,S,едрод,0
20_clean/xx_gorodecky_gorod-017.xhtml.txt,родников,родников,S,AS,едимкрмнмсEжрод,A,винмнодполнпррод,S,винедим,CONJINTJPARTS,виндасEедиммнпрродсEвор,AADV,едкрсEред,1
20_clean/xx_majakovsky_majak7-024.xhtml.txt,крой,крой,S,SV,винедимпов,AS,винмнодполнпррод,S,мнпр,V,едпов,AS,дасEедмнмсEжполнсEредсEвор,1
20_clean/xx_antokolsky_antkl-109.xhtml.txt,засEсEолсEнасE,засEсEолсEнасE,S,AS,едженимполн,S,виндасEедиммнпрродсEвор,AS,винедиммсEжнеодполн,AS,едженимполн,S,иммн,0
20_clean/xx_merezhkovsky_merezh-265.xhtml.txt,десEи,ребенок,S,SV,иминсEисEкажмн,APRO,виниммннеод,A,виниммннеодполн,ADVPROPART,,PRS,виндасEедимпрродсEвор,0
20_clean/xx_blok_blok2-0003.xhtml.txt,ржи,рожсE,S,SV,виндасEедиммнповпррод,S,виндасEедимпр,AV,дасEедженполнпрприсEпросEродсEсEрадсEвор,S,едсEвор,AS,дасEедженполнпрродсEвор,0
20_clean/xx_martynov_marty-610-2.xhtml.txt,прсEсE,пересEсE,V,SV,винедизсEсEвиммннепросE,S,едим,CONJINTJPARTS,виндасEедиммнпрродсEвор,V,изсEсEвмннепросE,PRS,виндасEедиммнпрродсEвор,1
20_clean/xx_axmatova_axmat-616.xhtml.txt,десEи,ребенок,S,SV,иминсEисEкажмн,S,винедиммнрод,CONJINTJPARTS,виндасEедиммнпрродсEвор,A,дасEедмнмсEжполнсEредсEвор,ADVS,едсEвор,0
20_clean/xx_selvinsky_selv-198.xhtml.txt,сEолсEсEого,сEолсEсEой,S,AS,винедмсEжодполнродсEред,S,виндасEедиммнпрродсEвор,AADV,вводнедкрсEред,V,изсEсEвмнпросE,CONJ,,0
20_clean/xx_pereval_perev-083.xhtml.txt,коросEе,коросEе,ADV,AADVS,вводндасEедпрсEрав,CONJINTJ,,V,деепрнепросE,SSPRO,виндасEедиммнпрродсEвор,AV,едизсEсEвкрмсEжпросE,0
20_clean/xx_blok_blok1-085.xhtml.txt,грсEдсEсEее,грсEдсEсEее,S,ASV,виндейсEсEведимнепросEполнприсEсEравсEред,S,винедимисEкажмнрод,ASV,виндейсEсEведимполнприсEпросEсEред,INTJPARTPR,,SPRO,дасEпр,0
20_clean/xx_briusov_brius-1479.xhtml.txt,посEелсEй,посEелсEй,S,SV,винедимпов,S,винедим,INTJ,,V,едизсEсEвнепросE,A,винедиммсEжнеодполн,0
20_clean/xx_shalamov_shlmv-109.xhtml.txt,весEровсEм,весEровсEй,A,AS,дасEедмнмсEжполнсEредсEвор,S,винедиммнрод,V,едизсEсEвнепросE,S,едсEвор,CONJINTJPARTS,виндасEедиммнпрродсEвор,0
20_clean/xx_gorodecky_gorod-080.xhtml.txt,нового,новое,S,AS,винедмсEжодполнродсEред,V,едпов,CONJINTJPARTS,виндасEедиммнпрродсEвор,V,едизсEсEвнепросE,V,едизсEсEвнепросE,1
20_clean/xx_antokolsky_antkl-077.xhtml.txt,сEсEасEсE,сEсEасEсE,V,SV,винедиминсE,ADV,,ADVV,едизсEсEвнепросE,SV,едизсEсEвмннепросEповсEвор,APROSPRO,винмнодпррод,0
20_clean/xx_merezhkovsky_merezh-110.xhtml.txt,сEсEисE,сEсEисE,S,SV,винедизсEсEвиммсEжпросE,S,едрод,CONJINTJPARTS,виндасEедиммнпрродсEвор,A,винедиммсEжнеодполн,S,дасEед,0
20_clean/xx_steinberg_stein-117.xhtml.txt,давнсEм,давнсEй?,,AS,дасEедмнмсEжполнсEредсEвор,INTJPARTPR,,S,едпр,ADV,,SSPRO,виндасEедиммнпрродсEвор,0
20_clean/xx_selvinsky_selv2-129.xhtml.txt,пал,пасEсEсE,V,ASV,винедизсEсEвимкрмсEжпросE,V,едизсEсEвпросEсEред,CONJINTJPARTS,виндасEедиммнпрродсEвор,ADVPRO,,PARTPR,,0
20_clean/xx_gofman_gfmn-006.xhtml.txt,сEерсE,сEерсEй,A,AS,винедимкрмнрод,ADVS,едсEвор,SV,виндасEедизсEсEвиммннесEовпрпросEрод,S,едим,A,винмнодполнпррод,0
20_clean/xx_kondratiev_kondr--103.xhtml.txt,дай,дасEсE,V,SV,винедмнповрод,A,дасEедженполнпрродсEвор,AS,винедимкрмнрод,PRS,виндасEедимпрродсEвор,S,винедим,0
20_clean/xx_pasternak_paster-316.xhtml.txt,жисEсEе,жисEий,A,AS,винедимпрсEред,S,едрод,ADVPROCONJ,,AADV,сEрав,S,едрод,1
20_clean/xx_majakovsky_majak7-102.xhtml.txt,сEсEали,сEсEалсE,S,SV,виндасEедизсEсEвиммнпрпросEрод,S,винедим,PRS,винмнрод,S,едим,V,едпов,0
20_clean/xx_bunin_bunin-634.xhtml.txt,дали,далсE,S,SV,виндасEедизсEсEвиммнпрпросEродсEвор,CONJINTJPARTS,виндасEедиммнпрродсEвор,PRS,виндасEедиммнпрродсEвор,A,дасEедженполнпрродсEвор,CONJINTJPARTS,виндасEедиммнпрродсEвор,0
20_clean/xx_briusov_brius-0371.xhtml.txt,манила,манила,S,SV,едженизсEсEвимпросE,A,едженимполн,S,дасEед,S,едим,PRS,виндасEедиммнпрродсEвор,1
20_clean/xx_merezhkovsky_merezh-110.xhtml.txt,роднсEм,родной,A,AS,дасEедмнмсEжполнсEредсEвор,V,деепрнепросE,S,дасEмн,PRS,виндасEедиммнпрродсEвор,S,мнпр,0
20_clean/xx_merezhkovsky_merezh-192.xhtml.txt,поймсE,пойма,S,SV,винедизсEсEвнепросE,AADV,сEрав,S,едсEвор,APRO,виниммннеод,S,виндасEедиммнпррод,1
20_clean/xx_gippius_gip-190.xhtml.txt,песEрово,песEрово,S,AS,винедимсEред,PARTPR,,S,винедимпр,SPRO,им,AV,винедимполнприсEпросEсEредсEсEрад,1
20_clean/xx_majakovsky_majak5-32.xhtml.txt,сEрсEсEкой,сEрсEсEкий,A,AS,дасEедженполнпрродсEвор,V,крмнприсEпросEсEсEрад,APROSSPRO,виниммннеодполн,V,едизсEсEвпросEсEред,S,едсEвор,1
20_clean/xx_bagricky_bagrc-101.xhtml.txt,далсEнисEкой,далсEнисEкасE?,S,AS,дасEедженполнпрродсEвор,V,едизсEсEвнепросE,PRS,виндасEедиммнпрродсEвор,S,мнрод,V,едизсEсEвнепросE,0
20_clean/xx_balmont_balm3-106.xhtml.txt,дан,дан,S,SV,винедимкрмнмсEжприсEпросEродсEсEрад,S,винедим,APRO,винедиммсEжнеод,V,дасEдейсEсEведмнмсEжполнприсEпросEсEредсEвор,PRS,виндасEедиммнпрродсEвор,1
20_clean/xx_adalis_adal-08.xhtml.txt,косEой,косEой,S,AS,виндасEеджениммсEжнеодполнпрродсEвор,S,едиммнрод,S,винедим,CONJINTJPARTS,виндасEедиммнпрродсEвор,S,виним,1
20_clean/xx_blok_blok2-0986.xhtml.txt,погиб,погибнсEсEсE,V,SV,винедизсEсEвиммнмсEжпросEрод,SSPRO,виндасEедиммнпрродсEвор,AADV,едкрсEред,PRS,виндасEедиммнпрродсEвор,APRO,винедиммсEжнеод,0
20_clean/xx_majakovsky_majak5-32.xhtml.txt,сEпорсE,сEпор,S,AS,винедимкрмнрод,V,едизсEсEвкрмнмсEжнепросEприсEсEсEрад,A,виниммннеодполн,ADVPARTS,виним,V,деепрнепросEпросE,0
20_clean/xx_ehrehnburg_eren-111.xhtml.txt,сEасE,сEаисEсE,V,SV,винедизсEсEвнепросE,PRS,виндасEедиммнпрродсEвор,SPRO,дасE,S,винедим,AS,виндасEедженсEвор,0
20_clean/xx_gippius_gip-190.xhtml.txt,сEмел,сEмесEсE,V,ASV,едизсEсEвкрмнмсEжпросEрод,S,винедимпр,S,мнрод,V,инсE,V,деепрпросE,0
20_clean/xx_adalis_adal-89.xhtml.txt,всEсEе,всEсEоко,ADV,AADVPRS,дасEпрсEрав,PART,,S,едсEвор,ADVPROPART,,S,винедиммнрод,0
20_clean/xx_shalamov_shlmv-240.xhtml.txt,дали,далсE,S,SV,виндасEедизсEсEвиммнпрпросEродсEвор,V,едизсEсEвнепросE,PRS,виндасEедиммнпрродсEвор,A,виниммннеодполн,CONJINTJPARTS,виндасEедиммнпрродсEвор,0
20_clean/xx_pereval_perev-189.xhtml.txt,посEсEосEнной,посEсEосEннсEй,A,AS,дасEедженполнпрродсEвор,PRS,виндасEедиммнпрродсEвор,S,виндасEедиммнпррод,ADVAPROPARTSPRO,винедиммннеодсEред,AADVPART,едкрсEред,0
20_clean/xx_sadovskoj_sadovsk-076.xhtml.txt,сEисEе,сEисEо,ADV,AADVS,дасEедпрсEрав,S,винедим,ADVAPROPARTSPRO,винедиммннеодсEред,V,изсEсEвмннепросE,SSPRO,винедрод,0
20_clean/xx_gippius_gip-360-1.xhtml.txt,сEел,сEело,S,SV,едизсEсEвмнмсEжпросEрод,CONJINTJPARTS,виндасEедиммнпрродсEвор,AADV,сEрав,PRS,винмнрод,SSPRO,виндасEедиммнпрродсEвор,1
20_clean/xx_gippius_gip-157.xhtml.txt,сEсEали,сEсEалсE,S,SV,виндасEедизсEсEвиммнпрпросEрод,CONJINTJPARTS,виндасEедиммнпрродсEвор,NUM,виниммсEжнеодсEред,SPRO,им,A,винедиммсEжнеодполн,1
20_clean/xx_schepkina-kupernik_kuper-039.xhtml.txt,сEайной,сEайна,S,AS,дасEедженполнпрродсEвор,CONJINTJPARTS,виндасEедиммнпрродсEвор,PRS,виндасEедиммнпрродсEвор,S,едсEвор,V,едженизсEсEвпросE,1
20_clean/xx_kuzmin_kzmn-467.xhtml.txt,голсEбей,голсEбсE,S,ASV,винедмнповродсEрав,SV,едиммнповрод,S,винедим,S,винедиммнрод,S,винедим,0
20_clean/xx_merezhkovsky_merezh-110.xhtml.txt,песEров,песEров,A,AS,винедиммнмсEжнеодрод,S,винедиммнрод,A,винедиммсEжнеодполн,APRO,винедиммсEжнеод,AS,едкрмнмсEжрод,0
20_clean/xx_briusov_brius-0324.xhtml.txt,знакомсEм,знакомсEй,S,AS,дасEедмнмсEжполнсEредсEвор,S,мнпр,AADV,едкрсEред,CONJINTJPARTS,виндасEедиммнпрродсEвор,PRS,виндасEедиммнпрродсEвор,1
20_clean/xx_merezhkovsky_merezh-110.xhtml.txt,нем,немой,A,ASSPRO,едкрмнмсEжпррод,SV,винедимпов,PRS,виндасEедиммнпрродсEвор,AS,едимкрмсEж,CONJINTJPARTS,виндасEедиммнпрродсEвор,1
20_clean/xx_kuzmin_kzmn-669.xhtml.txt,пил,писEсE,V,SV,едизсEсEвмнмсEжпросEрод,S,винедим,A,винмнодполнпррод,APRO,дасEедженпрродсEвор,S,виндасEедиммнпррод,1
20_clean/xx_majakovsky_majak4-11.xhtml.txt,айда,айда,V,INTJSV,винединсEмнповрод,ADVAPROCOM,едкрсEред,AADVV,едповсEрав,S,винедим,V,едпов,0
20_clean/xx_kondratiev_kondr--130.xhtml.txt,сEпсEсEего,сEпсEсEий,A,ASV,виндейсEсEведмсEжнепросEодполнприсEродсEред,SSPRO,винедрод,PR,,AS,винедженкррод,PRS,виндасEедиммнпрродсEвор,0
20_clean/xx_gippius_gip-360-1.xhtml.txt,сEисEе,сEисEо,ADV,AADVS,дасEедпрсEрав,AADV,сEрав,SV,иминсEисEкажмн,AADVS,дасEедпрсEрав,CONJINTJPARTS,виндасEедиммнпрродсEвор,0
20_clean/xx_bergholz_bergh-009.xhtml.txt,нем,он,SPRO,ASSPRO,едкрмнмсEжпррод,V,едизсEсEвмсEжпросE,V,инсE,CONJINTJPARTS,виндасEедиммнпрродсEвор,ADVPROCONJPART,,1
20_clean/xx_selvinsky_selv2-110.xhtml.txt,коренной,кореннасE,S,ASV,виндасEеджениммсEжнеодполнпрприсEпросEродсEсEрадсEвор,S,едиммнрод,A,сEрав,INTJS,мнрод,SPRO,им,0
20_clean/xx_majakovsky_majak6-43.xhtml.txt,сEсEжа,сEсEжисEсE,V,SV,деепредимнепросE,S,виндасEедмесEсEн,PART,,CONJPART,,INTJPRS,виндасEедиммнпрродсEвор,0
20_clean/xx_smeliakov_smel-036.xhtml.txt,кривсEсE,кривой,S,AS,винмнодполнпррод,PARTPR,,S,мнпр,SSPRO,виндасEедиммнпрродсEвор,V,едизсEсEвмсEжпросE,1
20_clean/xx_briusov_brius-0612.xhtml.txt,жала,жасEсE,V,SV,винедженизсEсEвиммнпросEрод,A,виниммннеодполн,A,виниммннеодполн,CONJINTJPARTS,виндасEедиммнпрродсEвор,ADV,,1
20_clean/xx_blok_blok2-0188.xhtml.txt,милой,милсEй,A,AS,дасEедженполнпрродсEвор,PART,,INTJPRS,виндасEедиммнпрродсEвор,V,инсE,AADVPROCONJ,винедмсEжодполнродсEред,1
20_clean/xx_mandelstamm_mandl-042.xhtml.txt,сEвсEсEсEсE,сEвсEсEой,S,AS,винмнодполнпррод,PARTPR,,S,едпр,CONJINTJPARTS,виндасEедиммнпрродсEвор,S,винедиммнрод,0
20_clean/xx_blok_blok1-161.xhtml.txt,лсEбим,лсEбисEсE,V,ASV,винедизсEсEвимкрмнмсEжнепросEприсEсEсEрад,ADVV,едизсEсEвнепросE,V,инсEнесEов,S,виниммн,S,мнрод,0
20_clean/xx_bely_bely-321.xhtml.txt,просEлого,просEлое,S,AS,винедмсEжодполнродсEред,AS,винедмсEжодполнродсEред,S,винедим,PRS,виндасEедиммнпрродсEвор,S,мнпр,0
20_clean/xx_shalamov_shlmv-325.xhtml.txt,лсEдсEкой,лсEдсEкой,A,AS,виндасEеджениммсEжнеодпрродсEвор,CONJINTJPARTS,виндасEедиммнпрродсEвор,PRS,виндасEедимпрродсEвор,V,едизсEсEвнепросE,S,едсEвор,0
20_clean/xx_gippius_gip-257.xhtml.txt,пласEсE,пласEисEсE,V,SV,дасEедизсEсEвнепросE,APROS,дасEедженпрродсEвор,SSPRO,виндасEедиммнпрродсEвор,APRO,дасEедженпрродсEвор,V,едженизсEсEвпросE,0
20_clean/xx_cerubina_cerub-065.xhtml.txt,креп,креп,S,SV,винедизсEсEвиммсEжпросE,S,мнрод,AS,винедиммсEжнеодполн,PRS,виндасEедиммнпрродсEвор,A,винмнодполнпррод,1
20_clean/xx_selvinsky_selv2-129.xhtml.txt,милой,миласE,S,AS,дасEедженполнпрродсEвор,A,едженкр,V,инсE,CONJINTJ,,S,иммн,1
20_clean/xx_gippius_gip-032.xhtml.txt,легкисE,легкое,S,AS,винмнодполнпррод,APRO,винмнодпррод,A,винмнодполнпррод,S,мнрод,INTJPRS,виндасEедиммнпрродсEвор,1
20_clean/xx_briusov_brius-0722.xhtml.txt,бела,бел,S,AS,едженимкррод,INTJPARTPR,,S,винедим,CONJINTJPARTS,виндасEедиммнпрродсEвор,V,едженкрприсEпросEсEсEрад,1
20_clean/xx_gippius_gip-231.xhtml.txt,десEи,ребенок,S,SV,иминсEисEкажмн,ADVAPROPARTSPRO,винедиммннеодсEред,AV,виниммннеодполнприсEпросEсEсEрад,S,едсEвор,AS,дасEедиммнмсEжполнсEредсEвор,0
20_clean/xx_ehrehnburg_eren-403.xhtml.txt,сEмирасEсEего,сEмирасEсEий,A,ASV,виндейсEсEведмсEжнепросEодполнприсEродсEред,V,едизсEсEвнепросE,S,винедрод,PARTPR,,S,едпр,1
20_clean/xx_gorodecky_gorod-250.xhtml.txt,нем,немой,A,ASSPRO,едкрмнмсEжпррод,S,едим,CONJINTJPARTS,виндасEедиммнпрродсEвор,CONJINTJPARTS,виндасEедиммнпрродсEвор,A,едкрмсEж,0
20_clean/xx_kuzmin_kzmn-250.xhtml.txt,нисEие,нисEий,A,AS,виниммннеодполн,A,крмн,SV,едиммнпов,S,иммн,CONJINTJPARTS,виндасEедиммнпрродсEвор,1
20_clean/xx_majakovsky_majak4-27.xhtml.txt,засEев,засEев,S,SV,виндеепредимпросE,ADVPRO,,V,едизсEсEвнепросE,SPRO,им,APROSPRO,виндасEеджениммнмсEжнеододпрродсEредсEвор,1
20_clean/xx_martynov_marty-187.xhtml.txt,подсEолнсEсEов,подсEолнсEсE,S,AS,едкрмнмсEжрод,V,едженизсEсEвпросE,S,сEвор,A,винмнодполнпррод,V,изсEсEвмнпросE,0
20_clean/xx_balmont_balm3-052.xhtml.txt,кадил,кадисEсE,V,SV,едизсEсEвмнмсEжпросEрод,S,винедим,PR,,PR,,AS,винмнодполнпррод,1
20_clean/xx_martynov_marty-288.xhtml.txt,древние,древние,S,AS,виниммннеодполн,APRO,виниммннеод,APROCONJPARTSPRO,винедимсEред,S,виндасEедиммесEсEнмнпррод,ADVCONJPART,,1
20_clean/xx_briusov_brius-0324.xhtml.txt,сEмел,сEмесEсE,V,ASV,едизсEсEвкрмнмсEжпросEрод,SPRO,им,PART,,CONJPART,,S,едсEвор,0
20_clean/xx_skaldin_skald-045.xhtml.txt,грсEдсEсEем,грсEсEсEи,V,ASV,дейсEсEведмсEжнепросEполнпрприсEсEред,APROV,едизсEсEвкрмнмсEжнепросEпрприсEсEредсEсEрад,ADV,,PRS,виндасEедиммнпрродсEвор,S,мнпр,0
20_clean/xx_balmont_balm2-028.xhtml.txt,зрасEков,зрасEок,S,AS,едкрмнмсEжрод,S,мнсEвор,S,едсEвор,S,едсEвор,S,мнсEвор,0
20_clean/xx_pereval_perev-131.xhtml.txt,сEсEсEали,сEсEсEалсE,S,SV,виндасEедизсEсEвиммнпрпросEрод,SPRO,им,ADV,,PR,,A,винмнодполнпррод,1
20_clean/xx_blok_blok2-0230.xhtml.txt,грсEдсEсEем,грсEдсEсEее,S,ASV,дейсEсEведмсEжнепросEполнпрприсEсEред,AS,едмсEжполнпрсEред,CONJINTJPARTS,виндасEедиммнпрродсEвор,S,винедрод,S,виндасEедиммнпрродсEвор,0
20_clean/xx_schepkina-kupernik_kuper-118.xhtml.txt,ксEрсEксEсE,ксEрсEкасE,S,AS,винедженполн,S,мнрод,PR,,S,винед,ADV,,0
20_clean/xx_bergholz_bergh-186.xhtml.txt,масEерей,масEерсE,S,SV,винедмнповрод,S,едим,V,виндейсEсEвмнодполнпрприсEпросEрод,CONJINTJPARTS,виндасEедиммнпрродсEвор,SV,иминсEисEкажмн,0
20_clean/xx_gippius_gip-299.xhtml.txt,дай,дасEсE,V,SV,винедмнповрод,APRO,едженим,APRO,едженим,ADV,,V,инсE,0
20_clean/xx_majakovsky_majak4-08.xhtml.txt,насEал,насEало,S,SV,едизсEсEвмнмсEжпросEрод,CONJPART,,ADVCONJPART,,PRS,виндасEедиммнпрродсEвор,S,винедиммнрод,1
20_clean/xx_skaldin_skald-039-1.xhtml.txt,сEмолк,сEмолк,S,SV,винедизсEсEвиммсEжпросE,V,едизсEсEвмсEжпросE,ADV,,CONJINTJPARTS,виндасEедиммнпрродсEвор,S,иммн,1
20_clean/xx_merezhkovsky_merezh-110.xhtml.txt,сEбогим,сEбогий,S,AS,дасEедмнмсEжполнсEредсEвор,AS,дасEедмнмсEжполнсEредсEвор,CONJINTJPARTS,виндасEедиммнпрродсEвор,S,едим,CONJINTJPARTS,виндасEедиммнпрродсEвор,1
20_clean/xx_schepkina-kupernik_kuper-131.xhtml.txt,ржи,рожсE,S,SV,виндасEедиммнповпррод,A,виниммннеодполн,S,винедиммнрод,A,дасEедженполнпрродсEвор,S,едим,0
20_clean/xx_adalis_adal-54.xhtml.txt,сEир,сEир,S,AS,винедимкрмнмсEжрод,A,едкрмсEж,CONJINTJPARTS,виндасEедиммнпрродсEвор,APRO,винедимсEред,V,едизсEсEвнепросE,1
20_clean/xx_schepkina-kupernik_kuper-149.xhtml.txt,навесE,навей?,S,SV,виндеепреднепросEрод,S,дасEмн,V,едизсEсEвнепросE,V,едизсEсEвнепросE,APROSPRO,виндасEеджениммнмсEжнеододпрродсEредсEвор,0
20_clean/xx_axmatova_axmat-819.xhtml.txt,сEмела,сEмесEсE,V,ASV,едженизсEсEвимкрпросE,V,инсE,PART,,PRS,виндасEедиммнпрродсEвор,S,винедиммнрод,0
20_clean/xx_cvetaeva_cvet1-450.xhtml.txt,нисEие,нисEий,A,AS,виниммннеодполн,A,виндасEеджениммсEжнеодполнпрродсEвор,S,винедиммнрод,S,винедиммнрод,CONJINTJPARTS,виндасEедиммнпрродсEвор,0
20_clean/xx_kuzmin_kzmn-244.xhtml.txt,ржи,рожсE,S,SV,виндасEедиммнповпррод,PRS,виндасEедиммнпрродсEвор,S,виниммн,V,инсE,S,мнрод,0
20_clean/xx_baltrus_balt-203.xhtml.txt,сEлез,сEлеза,S,SV,едизсEсEвмнмсEжпросEрод,SV,виндасEедиммнповпррод,A,винмнодполнпррод,ADVPROCONJSPRO,виним,S,едим,0
20_clean/xx_schepkina-kupernik_kuper-131.xhtml.txt,всEсEресEсE,всEсEресEа,S,SV,винедизсEсEвнепросE,SSPRO,виндасEедиммнпрродсEвор,SPRO,винпррод,PRS,виндасEедиммнпрродсEвор,S,едсEвор,1
20_clean/xx_balmont_balm-171.xhtml.txt,сEмерсEего,сEмерсEий,A,ASV,виндейсEсEведмсEжодполнприсEпросEродсEред,S,виндасEедиммнпрродсEвор,PR,,PRS,виндасEедиммнпрродсEвор,AS,дасEедмсEжполнсEред,1
20_clean/xx_pasternak_paster-043.xhtml.txt,регисEсEров,регисEсEр,S,AS,едкрмнмсEжрод,S,мнрод,CONJINTJPARTS,виндасEедиммнпрродсEвор,SPRO,им,S,виниммн,0
20_clean/xx_gumilev_gumil-020.xhtml.txt,дали,далсE,S,SV,виндасEедизсEсEвиммнпрпросEродсEвор,CONJINTJPARTS,виндасEедиммнпрродсEвор,V,виндейсEсEвиммннеодполнприсEпросE,SPRO,дасE,V,изсEсEвмннепросE,0
20_clean/xx_antokolsky_antkl-379.xhtml.txt,жарок,жарок,S,AS,винедимкрмнмсEжрод,A,дасEедженполнпрродсEвор,S,виним,CONJINTJPARTS,виндасEедиммнпрродсEвор,A,едкрмсEж,1
20_clean/xx_briusov_brius-1583.xhtml.txt,зовсE,звасEсE,V,SV,дасEедизсEсEвнепросE,ASSPRO,едкрмнмсEжпррод,PR,,S,виндасEедиммнпррод,S,едмнродсEвор,1
20_clean/xx_mercurieva_merc-188.xhtml.txt,сEлепсEе,сEлепой,S,AS,виниммннеодполн,SPRO,им,S,винедиммнрод,PART,,V,изсEсEвмннепросE,1
20_clean/xx_gippius_gip-424.xhtml.txt,ласE,лай,S,SV,деепреднепросEрод,V,едизсEсEвнепросE,CONJPARTS,виндасEедиммнпрродсEвор,V,едизсEсEвнепросE,CONJPARTS,виндасEедиммнпрродсEвор,0
20_clean/xx_kuzmin_kzmn-219.xhtml.txt,сEвесEила,сEвесEило,S,SV,винедженизсEсEвиммннеододпросEрод,S,винедиммнрод,ADVAPROPARTSPRO,винедиммннеодсEред,PRS,виндасEедиммнпрродсEвор,AS,едмсEжполнпрсEред,0
20_clean/xx_axmatova_axmat-136.xhtml.txt,сEеплом,сEепло,S,AS,едмсEжполнпрсEредсEвор,V,изсEсEвмнпросE,PRS,виндасEедиммнпрродсEвор,S,виндасEедимпр,APROSPRO,виндасEеджениммнмсEжнеододпрродсEредсEвор,1
20_clean/xx_antokolsky_antkl-148.xhtml.txt,заводила,заводисEсE,V,SV,едженизсEсEвимпросE,CONJINTJPARTS,виндасEедиммнпрродсEвор,S,мнрод,CONJINTJPARTS,виндасEедиммнпрродсEвор,SV,едженизсEсEвимпросE,0
20_clean/xx_merezhkovsky_merezh-110.xhtml.txt,песEров,песEров,A,AS,винедиммнмсEжнеодрод,PARTPR,,SPRO,винрод,V,едизсEсEвмсEжпросE,S,винедим,0
20_clean/xx_majakovsky_majak8-066.xhtml.txt,десEи,ребенок,S,SV,иминсEисEкажмн,AS,виниммннеодполн,CONJINTJPARTS,виндасEедиммнпрродсEвор,S,едим,S,едим,0
20_clean/xx_kuzmin_kzmn-204.xhtml.txt,всEсEресEсE,всEсEресEа,S,SV,винедизсEсEвнепросE,V,деепрнепросE,SV,виндеепреднепросEрод,SSPRO,виндасEедиммнпрродсEвор,AV,винедиммсEжнеодполнприсEпросEсEсEрад,1
20_clean/xx_selvinsky_selv-119.xhtml.txt,сEсEансE,сEсEан,S,SV,дасEедизсEсEвнепросE,V,инсE,PART,,SSPRO,виндасEедиммнпрродсEвор,S,винедиммнрод,1
20_clean/xx_rozhdestvensky_vrozh-335.xhtml.txt,сEреба,сEреб?,S,AS,винедженимкрмнрод,A,винедимполнсEред,S,винедимсEред,CONJINTJ,,PRS,винмнрод,0
20_clean/xx_mandelstamm_mandl-208.xhtml.txt,дсEсEов,дсEсE,S,AS,винедиммнмсEжнеодрод,SPRO,им,S,винед,SV,деепредимнепросEрод,CONJPART,,0
20_clean/xx_mandelstamm_mandl-590.xhtml.txt,кривасE,кривасE,S,AS,едженимполн,ADVPRO,,A,едженимполн,AS,винеджениммнрод,PRS,виндасEедиммнпрродсEвор,1
20_clean/xx_shalamov_shlmv-074.xhtml.txt,знаков,знак,S,AS,едкрмнмсEжрод,V,едизсEсEвнепросE,A,винмнодполнпррод,CONJINTJPARTS,виндасEедиммнпрродсEвор,S,винедим,0
20_clean/xx_ehrehnburg_eren-215.xhtml.txt,дай,дасE,S,SV,винедмнповрод,PRS,виндасEедиммнпрродсEвор,S,дасEед,APROV,деепредженимнепросE,S,едим,1
20_clean/xx_adobroljubov_adobr-38.xhtml.txt,просEедсEее,просEедсEее,S,ASV,виндейсEсEведимполнприсEпросEсEред,A,едженкр,ADVPART,,V,инсE,SV,деепредимнепросEрод,0
20_clean/xx_gippius_gip-147.xhtml.txt,закрой,закрой,S,SV,винедимпов,A,виниммннеодполн,V,едпов,S,винедиммнрод,PRS,виндасEедиммнпрродсEвор,1
20_clean/xx_antokolsky_antkl-055.xhtml.txt,насEал,насEало,S,SV,едизсEсEвмнмсEжпросEрод,S,винедим,AADVPARTS,едпрсEрав,V,инсE,CONJINTJPARTS,виндасEедиммнпрродсEвор,1
20_clean/xx_annensky_anne-247-10.xhtml.txt,сEела,сEело,S,SV,винедженизсEсEвиммнпросEрод,SV,виндасEедизсEсEвиммнпрпросEрод,S,едсEвор,AS,винедмсEжодполнродсEред,A,виниммннеодполн,0
20_clean/xx_ehrehnburg_eren-669.xhtml.txt,багров,багров,S,AS,едимкрмнмсEжрод,SSPRO,виндасEедиммнпрродсEвор,S,едрод,CONJINTJPARTS,виндасEедиммнпрродсEвор,AV,деепредкрмсEжпросE,1
20_clean/xx_selvinsky_selv2-079.xhtml.txt,гасEсE,гасEсE,S,SV,винедимпов,V,едизсEсEвкрмнмсEжнепросEприсEсEсEрад,AS,винедженполн,PR,,A,винедженполн,0
20_clean/xx_kuzmin_kzmn-204.xhtml.txt,госEсEсE,госEсEсE,S,SV,виндеепреднепросEрод,A,винедженполн,V,деепрнепросE,SV,винедизсEсEвнепросE,SSPRO,виндасEедиммнпрродсEвор,0
20_clean/xx_briusov_brius-012.xhtml.txt,сEвесEила,сEвесEисEсE,V,SV,винедженизсEсEвиммннеододпросEрод,S,винедим,S,винедим,S,винедиммнрод,V,едженизсEсEвпросE,1
20_clean/xx_polonskaja_epolo-256.xhtml.txt,десEи,ребенок,S,SV,иминсEисEкажмн,S,виндасEедимпр,CONJINTJPARTS,виндасEедиммнпрродсEвор,CONJINTJPARTS,виндасEедиммнпрродсEвор,S,винедиммнрод,0
20_clean/xx_mandelstamm_mandl-210.xhtml.txt,сEасEовсEсE,сEасEовой,A,AS,винмнодполнпррод,S,винедиммнрод,AS,винедмсEжодполнродсEред,SSPRO,виндасEедиммнпрродсEвор,PART,,1
20_clean/xx_annensky_anne-242.xhtml.txt,колоколен,колоколсEнсE,S,AS,едкрмнмсEжрод,ADVPRO,,PRS,мнрод,ADVPRO,,V,едизсEсEвмсEжнесEовпросE,0
20_clean/xx_gippius_gip-278.xhtml.txt,сEайной,сEайнсEй,A,AS,дасEедженполнпрродсEвор,APRO,виндасEеджениммсEжнеодпрродсEвор,APROCONJPARTSPRO,винедимсEред,SSPRO,винедрод,INTJPARTPR,,0
20_clean/xx_mercurieva_merc-257.xhtml.txt,полон,полон,S,AS,винедимкрмсEж,ADVS,винедим,PRS,виндасEедиммнпрродсEвор,PART,,A,винедженполн,0
20_clean/xx_lugovskoy_lugov-132.xhtml.txt,посEсEой,посEсEой,S,SV,винедимпов,SPRO,им,SV,винедимпов,S,едим,ADVPROS,винедиммнрод,1
20_clean/xx_balmont_balm2-122.xhtml.txt,найдсE,найда,S,SV,винедизсEсEвнепросE,PRS,виндасEедиммнпрродсEвор,S,дасEед,PR,,S,мнрод,1
20_clean/xx_mercurieva_merc-177.xhtml.txt,дай,дасEсE,V,SV,винедмнповрод,V,едпов,S,винедиммнрод,V,инсE,ADV,,0
20_clean/xx_annensky_anne-242.xhtml.txt,колоколен,колоколсEнсE,S,AS,едкрмнмсEжрод,PRS,виндасEедиммнпрродсEвор,A,винмнодполнпррод,INTJPRS,виндасEедиммнпрродсEвор,AS,едженимкр,0
20_clean/xx_cvetaeva_cvet1-041.xhtml.txt,дали,далсE,S,SV,виндасEедизсEсEвиммнпрпросEродсEвор,S,винедрод,AS,виниммннеодполн,S,виндасEедиммнпрродсEвор,V,едизсEсEвнепросE,0
20_clean/xx_balmont_balm-727.xhtml.txt,сEмел,сEмесEсE,V,ASV,едизсEсEвкрмнмсEжпросEрод,AS,виндасEеджениммсEжнеодполнпрродсEвор,SPRO,им,V,инсE,PARTPR,,0
20_clean/xx_polonskaja_epolo-219.xhtml.txt,масEери,масEерсE,S,SV,дасEедиммнповпррод,S,дасEедпр,PRS,виндасEедиммнпрродсEвор,V,мнпов,A,крмн,0
20_clean/xx_blok_blok2-0163.xhtml.txt,иванова,иванов,A,AS,винеджениммсEжодродсEред,S,винедиммнрод,ADVPR,,S,едрод,S,едрод,0
20_clean/xx_smeliakov_smel-240.xhtml.txt,жансEил,жансEилсE?,S,SV,едизсEсEвмсEжпросEрод,PART,,V,едизсEсEвмсEжпросE,S,едиммнрод,A,виниммннеодполн,0
20_clean/xx_bergholz_bergh-284.xhtml.txt,дам,дама,S,SV,винедизсEсEвмннепросEрод,S,винмнрод,PART,,V,инсE,ADVPROCONJPART,,1
20_clean/xx_briusov_brius-0269.xhtml.txt,мило,мило,S,AADVS,виндасEедимкрмнпрродсEредсEвор,CONJINTJ,,ADVPROCONJPART,,ADVSV,винедиминсE,ADVPROCONJSPRO,виним,0
20_clean/xx_schepkina-kupernik_kuper-132.xhtml.txt,дана,дан,S,SV,винедженимкрприсEпросEродсEсEрад,PRS,виндасEедиммнпрродсEвор,SPRO,сEвор,PR,,S,винедиммнрод,1
20_clean/xx_majakovsky_majak8-042.xhtml.txt,дай,дасEсE,V,SV,винедмнповрод,SV,винедмнповрод,SV,винедмнповрод,V,изсEсEвмннепросEпов,PRS,виндасEедиммнпрродсEвор,0
20_clean/xx_pasternak_paster-103.xhtml.txt,поймсE,пойма,S,SV,винедизсEсEвнепросE,ADVPROPART,,PART,,CONJSPRO,прсEвор,SPRO,дасE,1
20_clean/xx_cvetaeva_cvet1-718.xhtml.txt,бросEсE,бросEисEсE,V,SV,дасEедизсEсEвнепросE,S,винедимпр,SSPRO,виндасEедиммнпрродсEвор,S,винедим,CONJINTJPARTS,виндасEедиммнпрродсEвор,0
20_clean/xx_majakovsky_majak4-11.xhtml.txt,насEикал,насEикасEсE?,V,SV,виндасEедизсEсEвиммнмсEжпрпросEродсEвор,S,едим,PART,,SV,дасEедизсEсEвмннепросE,SPRO,дасE,0
20_clean/xx_lugovskoy_lugov-094.xhtml.txt,найдсE,найсEи,V,SV,винедизсEсEвнепросE,S,дасEед,SSPRO,виндасEедиммнпрродсEвор,PARTPR,,S,дасEедпр,0
20_clean/xx_balmont_balm-718.xhtml.txt,сEпосE,сEпесEсE,V,SV,дасEедизсEсEвнепросE,S,мнрод,SSPRO,виндасEедиммнпрродсEвор,SPRO,дасE,INTJPRS,виндасEедиммнпрродсEвор,0
20_clean/xx_pasternak_paster-001.xhtml.txt,сEлез,сEлеза,S,SV,едизсEсEвмнмсEжпросEрод,SV,едизсEсEвмсEжпросEрод,CONJINTJPARTS,виндасEедиммнпрродсEвор,ADVPRO,,ADVPROCONJPART,,0
20_clean/xx_martynov_marty-431.xhtml.txt,права,правсEй,A,AS,винедженимкрмнрод,AADV,едкрсEред,V,едженизсEсEвнесEовпросE,PART,,V,едизсEсEвмсEжпросE,0
20_clean/xx_rozhdestvensky_vrozh-202.xhtml.txt,сEронсE,сEронсEсEсE,V,SV,дасEедизсEсEвнепросE,S,винедимпр,A,дасEедмсEжполнсEред,A,виндасEеджениммсEжнеодполнпрродсEвор,S,дасEпр,0
20_clean/xx_majakovsky_majak5-20.xhtml.txt,сEсEпсE,сEсEпсE,S,SV,винедимпов,SV,едповрод,CONJINTJPARTS,виндасEедиммнпрродсEвор,CONJPART,,PART,,1
20_clean/xx_kuzmin_kzmn-248.xhtml.txt,сEсEали,сEсEалсE,S,SV,виндасEедизсEсEвиммнпрпросEрод,V,едизсEсEвмсEжпросE,CONJINTJPARTS,виндасEедиммнпрродсEвор,V,инсE,ADVPARTS,едим,1
20_clean/xx_polonskaja_epolo-135.xhtml.txt,масEери,масEерсE,S,SV,дасEедиммнповпррод,V,едизсEсEвкрмнмсEжнепросEприсEсEсEрад,SPRO,винпррод,S,едиммнрод,S,едиммнрод,0
20_clean/xx_gippius_gip-162.xhtml.txt,дрожи,дрожсE,S,SV,виндасEедиммнповпррод,INTJPARTPR,,S,винедим,V,едпов,S,мнсEвор,1
20_clean/xx_briusov_brius-0455.xhtml.txt,дай,дасE,S,SV,винедмнповрод,V,едизсEсEвнепросE,CONJPART,,V,деепрпросE,S,сEвор,1
20_clean/xx_narbut_narbut-155.xhtml.txt,левой,левсEй,A,AS,дасEедженполнпрродсEвор,PRS,виндасEедиммнпрродсEвор,V,едженполнприсEпросEсEсEрадсEвор,V,едизсEсEвнепросE,S,едим,0
20_clean/xx_bely_bely-478-3.xhtml.txt,попов,попов,A,AS,винедиммнмсEжнеодрод,S,виниммн,AS,винмнодполнпррод,S,винедиммнрод,AADVPRS,дасEпрсEрав,1
20_clean/xx_ehrehnburg_eren-333.xhtml.txt,пласEсE,пласEисEсE,V,SV,дасEедизсEсEвнепросE,PR,,AADV,крмн,SSPRO,виндасEедиммнпрродсEвор,INTJ,,0
20_clean/xx_briusov_brius-0702.xhtml.txt,сEайной,сEайнсEй,A,AS,дасEедженполнпрродсEвор,SV,винедимпов,S,винедиммнрод,CONJINTJ,,SPRO,дасEпр,0
20_clean/xx_balmont_balm2-160.xhtml.txt,сEлез,сEлеза,S,SV,едизсEсEвмнмсEжпросEрод,ASV,винедизсEсEвимкрмсEжпросE,PRS,винмнрод,APRO,винмнодпррод,A,винмнодполнпррод,0
20_clean/xx_blok_blok2-0189.xhtml.txt,роднсEе,роднсEе,S,AS,виниммннеодполн,SV,дасEедизсEсEвнепросE,APRO,виниммннеод,S,виниммн,V,едизсEсEвнепросE,1
20_clean/xx_majakovsky_majak6-66.xhtml.txt,сEинсE,сEиний,A,AS,едкрпрсEред,A,виниммннеодполн,S,винедиммнрод,CONJINTJPARTS,виндасEедиммнпрродсEвор,AADVCOM,едкрсEред,0
20_clean/xx_bunin_bunin-596.xhtml.txt,косEой,косEа,S,AS,виндасEеджениммсEжнеодполнпрродсEвор,PARTPR,,S,виндасEедиммесEсEнмнпррод,CONJINTJPARTS,виндасEедиммнпрродсEвор,ADV,,1
20_clean/xx_polonskaja_epolo-134.xhtml.txt,сEбисEсEй,сEбисEсEй,A,ASV,винедиммсEжнеодполнприсEпросEсEсEрад,S,винедим,V,едизсEсEвнепросE,S,едим,CONJPART,,0
20_clean/xx_blok_blok1-028.xhtml.txt,масEери,масEерсE,S,SV,дасEедиммнповпррод,S,винедим,APRO,дасEедженпрродсEвор,APRO,дасEедженпрродсEвор,SV,дасEедиммнповпррод,0
20_clean/xx_pasternak_paster-050.xhtml.txt,насEала,насEало,S,SV,винедженизсEсEвиммнпросEрод,S,винедим,S,виниммн,V,едизсEсEвнепросE,AADV,едкрсEред,0
20_clean/xx_gumilev_gumil-035.xhtml.txt,сEсEровсEсE,сEсEров,S,AS,винмнодполнпррод,S,едпр,S,винмнрод,CONJINTJPARTS,виндасEедиммнпрродсEвор,A,винмнодполнпррод,1
20_clean/xx_majakovsky_majak7-046.xhtml.txt,ансEансEовсE,ансEансEов?,A,AS,имкрмн,,,,,S,иммн,V,изсEсEвмннепросE,0
20_clean/xx_selvinsky_selv2-113.xhtml.txt,нем,немой,A,ASSPRO,едкрмнмсEжпррод,V,едизсEсEвнепросE,AADV,едкрсEред,PARTPR,,A,винедиммсEжнеодполн,0
20_clean/xx_merezhkovsky_merezh-110.xhtml.txt,сEайной,сEайнсEй,A,AS,дасEедженполнпрродсEвор,PRS,виндасEедиммнпрродсEвор,S,едсEвор,V,деепрпросE,ADVCONJS,винедиммнрод,0
20_clean/xx_ellis_ellis-291.xhtml.txt,сEсEали,сEсEалсE,S,SV,виндасEедизсEсEвиммнпрпросEрод,ADVPART,,PART,,SPRO,им,S,едсEвор,1
20_clean/xx_kuzmin_kzmn-731.xhtml.txt,сEсEансE,сEсEан,S,SV,дасEедизсEсEвнепросE,V,едизсEсEвнепросE,V,едизсEсEвнепросE,S,едсEвор,V,едизсEсEвнепросE,1
20_clean/xx_cvetaeva_cvet1-791.xhtml.txt,дам,дама,S,SV,винедизсEсEвмннепросEрод,PART,,V,едизсEсEвнепросE,SPRO,дасEпр,S,винедим,1
20_clean/xx_schepkina-kupernik_kuper-149.xhtml.txt,нисEисE,нисEий,A,AS,винмнодполнпррод,S,винедиммнрод,V,изсEсEвмннепросE,PRS,винмнрод,S,род,1
20_clean/xx_merezhkovsky_merezh-236.xhtml.txt,лсEбим,лсEбисEсE,V,ASV,винедизсEсEвимкрмнмсEжнепросEприсEсEсEрад,S,винедиммнрод,SPRO,им,CONJINTJPARTS,виндасEедиммнпрродсEвор,S,виндасEедиммнпррод,0
20_clean/xx_briusov_brius-1018.xhtml.txt,сEронсE,сEронсEсEсE,V,SV,дасEедизсEсEвнепросE,S,едсEвор,SPRO,им,V,едизсEсEвмсEжнесEовпросE,S,винедим,1
20_clean/xx_balmont_balm-211.xhtml.txt,богасEе,богасEо,ADV,AADVS,едпрсEрав,CONJINTJPARTS,виндасEедиммнпрродсEвор,V,едженимполнприсEпросEсEсEрад,AADV,сEрав,S,едимрод,0
20_clean/xx_selvinsky_selv-198.xhtml.txt,сEмирасEсEие,сEмирасEсEий,S,ASV,виндейсEсEвиммннеоднепросEполнприсE,S,иммн,A,едкрсEред,PR,,SPRO,винпррод,1
20_clean/xx_majakovsky_majak6-66.xhtml.txt,сEинсE,сEиний,A,AS,едкрпрсEред,A,виниммннеодполн,S,винедиммнрод,CONJINTJPARTS,виндасEедиммнпрродсEвор,AADVCOM,едкрсEред,0
20_clean/xx_sadovskoj_sadovsk-177.xhtml.txt,роднсEе,роднсEе,S,AS,виниммннеодполн,AV,виниммннеодполнприсEпросEсEсEрад,AS,винедимкрмнрод,S,винедиммнрод,A,виниммннеодполн,1
20_clean/xx_bagricky_bagrc-022.xhtml.txt,ржа,ржа,S,SV,деепредимнепросE,V,едизсEсEвнепросE,V,едизсEсEвнепросE,S,виниммн,V,изсEсEвмннепросE,0
20_clean/xx_pereval_perev-118.xhtml.txt,сEсEарое,сEсEарое,S,AS,винедимполнсEред,A,дасEедмнмсEжполнсEредсEвор,V,деепрнепросE,S,винедим,S,едиммнрод,1
20_clean/xx_mandelstamm_mandl-472.xhtml.txt,займсE,зансEсEсE,V,SV,дасEедизсEсEвнепросE,S,винедрод,SSPRO,виндасEедиммнпрродсEвор,A,винедженполн,S,винедим,0
20_clean/xx_bely_bely-001.xhtml.txt,босEсEсE,босEсEсEи?,V,SV,виндеепредимнепросEпросEрод,S,едиммн,PART,,S,винедиммнрод,V,дасEдейсEсEведженполнпрприсEпросEродсEвор,0
20_clean/xx_blok_blok1-267.xhtml.txt,косEосE,косEой,A,AS,едженполнсEвор,PRS,виндасEедиммнпрродсEвор,AS,виндасEеджениммсEжнеодполнпрродсEвор,PRS,виндасEедиммнпрродсEвор,A,дасEедженполнпрродсEвор,1
20_clean/xx_kuzmin_kzmn-288.xhtml.txt,милей,милсEй,A,ASV,едмнповродсEравсEвор,ANUMS,едженим,SPRO,дасEпр,ADVPROAPROPARTSPRO,винедмсEжодродсEред,PARTPR,,0
20_clean/xx_gippius_gip-360-3.xhtml.txt,взвисEрсEсE,взвисEрсEсEсE?,V,SV,виндеепреднепросEрод,A,едженимполн,S,винедим,APROCONJPARTSPRO,винедимсEред,S,виндасEедиммнпрродсEвор,0
20_clean/xx_briusov_brius-1174.xhtml.txt,полсE,полсE,S,SV,виндеепредиммннепросEрод,ADV,,AADV,едкрсEред,V,инсE,S,дасEед,0
20_clean/xx_gippius_gip-025.xhtml.txt,дай,дасEсE,V,SV,винедмнповрод,AV,винедиммсEжнеодпеполнприсEпросEсEсEрад,A,винедимполнсEред,SPRO,дасEпр,S,винедим,0
20_clean/xx_majakovsky_majak4-03.xhtml.txt,десEи,ребенок,S,SV,иминсEисEкажмн,V,изсEсEвмнпросE,V,виниммннеодполнприсEпросEсEсEрад,CONJINTJPARTS,виндасEедиммнпрродсEвор,S,едиммнрод,0
20_clean/xx_gorodecky_gorod-139.xhtml.txt,мелок,мелок,S,AS,винедимкрмсEж,V,едизсEсEвмсEжнесEовпросE,A,едкрмсEж,CONJINTJPARTS,виндасEедиммнпрродсEвор,A,едкрмсEж,1
20_clean/xx_bely_bely-067.xhtml.txt,сEасEе,сEасEа,S,AADVS,дасEедпрсEрав,CONJINTJPARTS,виндасEедиммнпрродсEвор,PRS,виндасEедиммнпрродсEвор,AS,дасEедженполнпрродсEвор,AADV,едкрсEред,0
20_clean/xx_merezhkovsky_merezh-110.xhtml.txt,нем,немой,A,ASSPRO,едкрмнмсEжпррод,A,винедиммсEжнеодполн,PRS,виндасEедиммнпрродсEвор,A,винедиммсEжнеодполн,S,винедим,1
20_clean/xx_rozhdestvensky_vrozh-286.xhtml.txt,ржи,рожсE,S,SV,виндасEедиммнповпррод,A,винедиммсEжнеодполн,S,винедим,CONJINTJPARTS,виндасEедиммнпрродсEвор,S,винедим,0
20_clean/xx_blok_blok2-0986.xhtml.txt,нем,немой,A,ASSPRO,едкрмнмсEжпррод,V,едизсEсEвнепросE,PARTPR,,A,едженполнсEвор,S,едсEвор,1
20_clean/xx_briusov_brius-1448.xhtml.txt,масE,масEсEсE,V,SV,виндасEедизсEсEвнепросE,PRS,виндасEедиммнпрродсEвор,A,дасEедмсEжполнсEред,PRS,виндасEедиммнпрродсEвор,S,дасEед,1
20_clean/xx_adamovic_adam-042.xhtml.txt,коронасEсEоннсEе,коронасEсEоннсEй?,A,AS,виниммннеодполн,V,едизсEсEвнепросE,V,едизсEсEвнепросE,S,винедиммнрод,APRO,едженим,0
20_clean/xx_narbut_narbut-141.xhtml.txt,нисEисE,нисEий,A,AS,винмнодполнпррод,V,мнпов,S,виниммн,CONJINTJPARTS,виндасEедиммнпрродсEвор,S,винмнрод,1
20_clean/xx_gofman_gfmn-022.xhtml.txt,сEепсEала,сEепсEасEсE,V,SV,едженизсEсEвимпросE,S,винедим,SPRO,им,AS,винедиммсEжнеодполн,AS,винедиммсEжнеодполн,0
20_clean/xx_axmatova_axmat-657.xhtml.txt,нем,немой,A,ASSPRO,едкрмнмсEжпррод,AADV,едкрсEред,PRS,виндасEедиммнпрродсEвор,APROSPRO,виндасEеджениммнмсEжнеододпрродсEредсEвор,PR,,1
20_clean/xx_briusov_brius-0877.xhtml.txt,просEлом,просEлое,S,AS,едмсEжполнпрсEред,S,винедиммнрод,INTJPRS,виндасEедиммнпрродсEвор,V,изсEсEвмннепросE,PRS,виндасEедиммнпрродсEвор,0
20_clean/xx_kuzmin_kzmn-244.xhtml.txt,обвива,обвив?,S,AS,виндасEедженимкрмнпрродсEвор,PRS,виндасEедиммнпрродсEвор,A,винедмсEжодполнродсEред,INTJPRS,виндасEедиммнпрродсEвор,S,винедим,0
20_clean/xx_shalamov_shlmv-056.xhtml.txt,лсEбой,лсEбой,A,AAPROSSPRO,виндасEеджениммсEжнеодпрродсEвор,S,винедим,V,едизсEсEвмсEжпросE,CONJINTJ,,PR,,0
20_clean/xx_bergholz_bergh-311.xhtml.txt,бела,бел,S,AS,едженимкррод,S,винедим,AADV,едкрсEред,ADVPROPART,,ADVPROCONJ,,1
20_clean/xx_blok_blok2-0882.xhtml.txt,весEерней,весEерний,A,AS,дасEедженполнпрродсEвор,INTJPRS,виндасEедиммнпрродсEвор,S,едиммнрод,V,едизсEсEвнепросE,A,едженимполн,0
20_clean/xx_pasternak_paster-226.xhtml.txt,лимонов,лимонов,S,AS,едимкрмнмсEжрод,S,мнрод,S,мнрод,S,мнрод,S,едиммнрод,1
20_clean/xx_shalamov_shlmv-019.xhtml.txt,зрасEков,зрасEок,S,AS,едкрмнмсEжрод,S,винедиммнрод,AV,винмнодполнпрприсEпросEродсEсEрад,V,деепрнепросE,ADV,,0
20_clean/xx_blok_blok1-182.xhtml.txt,грежсE,грезисEсE,V,SV,винедизсEсEвнепросE,AV,винмнодполнпрприсEпросEродсEсEрад,S,мнрод,INTJPRS,виндасEедиммнпрродсEвор,AS,виндасEедиммнодполнпрродсEвор,0
20_clean/xx_schepkina-kupernik_kuper-032.xhtml.txt,близкие,близкие,S,AS,виниммннеодполн,ADVPROCONJ,,APROCONJPARTSPRO,винедимсEред,V,изсEсEвмннепросE,S,виниммн,1
20_clean/xx_antokolsky_antkl-300.xhtml.txt,сEсEасEсE,сEсEасEсE,V,SV,винедиминсE,S,винедимпр,V,инсE,S,едсEвор,S,едсEвор,0
20_clean/xx_merezhkovsky_merezh-110.xhtml.txt,погиб,погиб,S,SV,винедизсEсEвиммнмсEжпросEрод,PART,,S,винедиммнрод,ADV,,V,мнпов,1
20_clean/xx_majakovsky_majak6-74.xhtml.txt,лосEажсEсE,лосEажсE?,S,AS,виндасEедженсEвор,S,виндасEеджениммнмсEжпрродсEредсEвор,S,винед,S,винедим,PARTPR,,1
20_clean/xx_oleynikov_olein-039.xhtml.txt,песEрова,песEров,A,AS,винеджениммсEжодродсEред,PR,,S,виндасEедиммнпррод,A,едженимполн,PARTPR,,0
20_clean/xx_adamovic_adam-115.xhtml.txt,сEсEали,сEсEалсE,S,SV,виндасEедизсEсEвиммнпрпросEрод,A,крмн,SV,виндасEедиммнповпррод,V,едизсEсEвнепросE,PARTPR,,1
20_clean/xx_axmatova_axmat-380.xhtml.txt,лосEова,лосEов,S,AS,винедженимкррод,S,едим,CONJPART,,V,едженизсEсEвпросE,ADVPR,,1
20_clean/xx_briusov_brius-1226.xhtml.txt,сEсEали,сEсEалсE,S,SV,виндасEедизсEсEвиммнпрпросEрод,S,винедиммнрод,A,крмн,ADVAPROPARTSPRO,винедиммннеодсEред,APROSPRO,дасEедмнмсEжпрсEредсEвор,1
20_clean/xx_rozhdestvensky_vrozh-180.xhtml.txt,десEи,ребенок,S,SV,иминсEисEкажмн,PRS,виндасEедиммнпрродсEвор,S,винедим,CONJPART,,V,инсE,0
20_clean/xx_briusov_brius-1005.xhtml.txt,горсE,горе,S,SV,дасEедизсEсEвнепросE,ADVAPROPARTSPRO,винедиммннеодсEред,S,виниммн,SSPRO,виндасEедиммнпрродсEвор,S,винедим,1
20_clean/xx_blok_blok2-0767.xhtml.txt,полей,полсE,S,ASV,винедмнповродсEравсEвор,V,едпов,PRS,виндасEедиммнпрродсEвор,V,едизсEсEвнепросE,A,едженимполн,0
20_clean/xx_cvetaeva_cvet1-717.xhtml.txt,давнсEм,давнсEй?,,AS,дасEедмнмсEжполнсEредсEвор,APROV,винедиммсEжнеодпов,S,винедим,ADV,,A,винедиммсEжнеодполн,0
20_clean/xx_mercurieva_merc-058.xhtml.txt,сEсEсEали,сEсEсEалсE,S,SV,виндасEедизсEсEвиммнпрпросEрод,S,род,CONJINTJPARTS,виндасEедиммнпрродсEвор,S,виним,PR,,1
20_clean/xx_lugovskoy_lugov-056.xhtml.txt,милей,милсEй,A,ASV,едмнповродсEравсEвор,V,едженизсEсEвнесEовпросE,SPRO,им,AADV,сEрав,A,сEрав,0
20_clean/xx_bely_bely-031.xhtml.txt,сEлез,сEлеза,S,SV,едизсEсEвмнмсEжпросEрод,V,едизсEсEвмсEжпросE,S,виниммн,A,дасEедмнмсEжполнсEредсEвор,S,едсEвор,0
20_clean/xx_balmont_balm-133.xhtml.txt,минсEсE,минсEсEа,S,SV,изсEсEвмннепросEрод,V,деепрнепросE,V,виндейсEсEвмннепросEодполнпрприсEрод,ADVPROCONJPART,,V,едизсEсEвнепросE,0
